Date,Day,Branch,Open,Close,Reason,ReturnChutesOpen
2024-07-01,Monday,Woden,,,Major upgrade works,FALSE
2024-07-02,Tuesday,Woden,,,Major upgrade works,FALSE
2024-07-03,Wednesday,Woden,,,Major upgrade works,FALSE
2024-07-04,Thursday,Woden,,,Major upgrade works,FALSE
2024-07-05,Friday,Woden,,,Major upgrade works,FALSE
2024-07-06,Saturday,Woden,,,Major upgrade works,FALSE
2024-07-07,Sunday,Woden,,,Major upgrade works,FALSE
2024-07-08,Monday,Woden,,,Major upgrade works,FALSE
2024-07-09,Tuesday,Woden,,,Major upgrade works,FALSE
2024-07-10,Wednesday,Woden,,,Major upgrade works,FALSE
2024-07-11,Thursday,Woden,,,Major upgrade works,FALSE
2024-07-12,Friday,Woden,,,Major upgrade works,FALSE
2024-07-13,Saturday,Woden,,,Major upgrade works,FALSE
2024-07-14,Sunday,Woden,,,Major upgrade works,FALSE
2024-07-15,Monday,Woden,,,Major upgrade works,FALSE
2024-07-16,Tuesday,Woden,,,Major upgrade works,FALSE
2024-07-17,Wednesday,Woden,,,Major upgrade works,FALSE
2024-07-18,Thursday,Woden,,,Major upgrade works,FALSE
2024-07-19,Friday,Woden,,,Major upgrade works,FALSE
2024-07-20,Saturday,Woden,,,Major upgrade works,FALSE
2024-07-21,Sunday,Woden,,,Major upgrade works,FALSE
2024-07-22,Monday,Woden,,,Major upgrade works,FALSE
2024-07-23,Tuesday,Woden,,,Major upgrade works,FALSE
2024-07-24,Wednesday,Woden,,,Major upgrade works,FALSE
2024-07-25,Thursday,Woden,,,Major upgrade works,FALSE
2024-07-26,Friday,Woden,,,Major upgrade works,FALSE
2024-07-27,Saturday,Woden,,,Major upgrade works,FALSE
2024-07-28,Sunday,Woden,,,Major upgrade works,FALSE
2024-07-29,Monday,Woden,,,Major upgrade works,FALSE
2024-07-30,Tuesday,Woden,,,Major upgrade works,FALSE
2024-07-31,Wednesday,Woden,,,Major upgrade works,FALSE
2024-08-01,Thursday,Woden,,,Major upgrade works,FALSE
2024-08-02,Friday,Woden,,,Major upgrade works,FALSE
2024-08-03,Saturday,Woden,,,Major upgrade works,FALSE
2024-08-04,Sunday,Woden,,,Major upgrade works,FALSE
2024-08-05,Monday,Woden,,,Major upgrade works,FALSE
2024-08-06,Tuesday,Woden,,,Major upgrade works,FALSE
2024-08-07,Wednesday,Woden,,,Major upgrade works,FALSE
2024-08-08,Thursday,Woden,,,Major upgrade works,FALSE
2024-08-09,Friday,Woden,,,Major upgrade works,FALSE
2024-08-10,Saturday,Woden,,,Major upgrade works,FALSE
2024-08-11,Sunday,Woden,,,Major upgrade works,FALSE
2024-08-12,Monday,Woden,,,Major upgrade works,FALSE
2024-08-13,Tuesday,Woden,,,Major upgrade works,FALSE
2024-08-14,Wednesday,Woden,,,Major upgrade works,FALSE
2024-08-15,Thursday,Woden,,,Major upgrade works,FALSE
2024-08-16,Friday,Woden,,,Major upgrade works,FALSE
2024-08-17,Saturday,Woden,,,Major upgrade works,FALSE
2024-08-18,Sunday,Woden,,,Major upgrade works,FALSE
2024-08-19,Monday,Woden,,,Major upgrade works,FALSE
2024-08-20,Tuesday,Woden,,,Major upgrade works,FALSE
2024-08-21,Wednesday,Woden,,,Major upgrade works,FALSE
2024-08-22,Thursday,Woden,,,Major upgrade works,FALSE
2024-08-23,Friday,Woden,,,Major upgrade works,FALSE
2024-08-24,Saturday,Woden,,,Major upgrade works,FALSE
2024-08-25,Sunday,Woden,,,Major upgrade works,FALSE
2024-08-26,Monday,Woden,,,Major upgrade works,FALSE
2024-08-27,Tuesday,Woden,,,Major upgrade works,FALSE
2024-08-28,Wednesday,Woden,,,Major upgrade works,FALSE
2024-08-29,Thursday,Woden,,,Major upgrade works,FALSE
2024-08-30,Friday,Woden,,,Major upgrade works,FALSE
2024-08-31,Saturday,Woden,,,Major upgrade works,FALSE
2024-09-01,Sunday,Woden,,,Major upgrade works,FALSE
2024-09-02,Monday,Woden,,,Major upgrade works,FALSE
2024-09-03,Tuesday,Woden,,,Major upgrade works,FALSE
2024-09-04,Wednesday,Woden,,,Major upgrade works,FALSE
2024-09-05,Thursday,Woden,,,Major upgrade works,FALSE
2024-09-06,Friday,Woden,,,Major upgrade works,FALSE
2024-09-07,Saturday,Woden,,,Major upgrade works,FALSE
2024-09-08,Sunday,Woden,,,Major upgrade works,FALSE
2024-09-09,Monday,Woden,,,Major upgrade works,FALSE
2024-09-10,Tuesday,Woden,,,Major upgrade works,FALSE
2024-09-11,Wednesday,Woden,,,Major upgrade works,FALSE
2024-09-12,Thursday,Woden,,,Major upgrade works,FALSE
2024-09-13,Friday,Woden,,,Major upgrade works,FALSE
2024-09-14,Saturday,Woden,,,Major upgrade works,FALSE
2024-09-15,Sunday,Woden,,,Major upgrade works,FALSE
2024-09-16,Monday,Woden,,,Major upgrade works,FALSE
2024-09-17,Tuesday,Woden,,,Major upgrade works,FALSE
2024-09-18,Wednesday,Woden,,,Major upgrade works,FALSE
2024-09-19,Thursday,Woden,,,Major upgrade works,FALSE
2024-09-20,Friday,Woden,,,Major upgrade works,FALSE
2024-09-21,Saturday,Woden,,,Major upgrade works,FALSE
2024-09-22,Sunday,Woden,,,Major upgrade works,FALSE
2024-09-23,Monday,Woden,,,Major upgrade works,FALSE
2024-09-24,Tuesday,Woden,,,Major upgrade works,FALSE
2024-09-25,Wednesday,Woden,,,Major upgrade works,FALSE
2024-09-26,Thursday,Woden,,,Major upgrade works,FALSE
2024-09-27,Friday,Woden,,,Major upgrade works,FALSE
2024-09-28,Saturday,Woden,,,Major upgrade works,FALSE
2024-09-29,Sunday,Woden,,,Major upgrade works,FALSE
2024-09-30,Monday,Woden,,,Major upgrade works,FALSE
2024-10-01,Tuesday,Woden,,,Major upgrade works,FALSE
2024-10-02,Wednesday,Woden,,,Major upgrade works,FALSE
2024-10-03,Thursday,Woden,,,Major upgrade works,FALSE
2024-10-04,Friday,Woden,,,Major upgrade works,FALSE
2024-10-05,Saturday,Woden,,,Major upgrade works,FALSE
2024-10-06,Sunday,Woden,,,Major upgrade works,FALSE
2024-10-07,Monday,Dickson,,,Labour Day,TRUE
2024-10-07,Monday,Gungahlin,,,Labour Day,TRUE
2024-10-07,Monday,Woden,,,Labour Day,TRUE
2024-10-07,Monday,Civic,,,Labour Day,TRUE
2024-10-07,Monday,Erindale,,,Labour Day,TRUE
2024-10-07,Monday,Belconnen,,,Labour Day,TRUE
2024-10-07,Monday,Kingston,,,Labour Day,TRUE
2024-10-07,Monday,Kippax,,,Labour Day,TRUE
2024-10-07,Monday,Tuggeranong,,,Labour Day,TRUE
2024-10-08,Tuesday,Woden,,,Major upgrade works,FALSE
2024-10-09,Wednesday,Woden,,,Major upgrade works,FALSE
2024-10-10,Thursday,Woden,,,Major upgrade works,FALSE
2024-10-11,Friday,Woden,,,Major upgrade works,FALSE
2024-10-12,Saturday,Woden,,,Major upgrade works,FALSE
2024-10-13,Sunday,Woden,,,Major upgrade works,FALSE
2024-10-14,Monday,Woden,,,Major upgrade works,FALSE
2024-10-15,Tuesday,Woden,,,Major upgrade works,FALSE
2024-10-16,Wednesday,Woden,,,Major upgrade works,FALSE
2024-10-17,Thursday,Woden,,,Major upgrade works,FALSE
2024-10-18,Friday,Woden,,,Major upgrade works,FALSE
2024-10-19,Saturday,Woden,,,Major upgrade works,FALSE
2024-10-20,Sunday,Woden,,,Major upgrade works,FALSE
2024-10-21,Monday,Woden,,,Major upgrade works,FALSE
2024-10-22,Tuesday,Woden,,,Major upgrade works,FALSE
2024-10-23,Wednesday,Woden,,,Major upgrade works,FALSE
2024-10-24,Thursday,Woden,,,Major upgrade works,FALSE
2024-10-25,Friday,Woden,,,Major upgrade works,FALSE
2024-10-26,Saturday,Woden,,,Major upgrade works,FALSE
2024-10-27,Sunday,Woden,,,Major upgrade works,FALSE
2024-10-28,Monday,Woden,,,Major upgrade works,FALSE
2024-10-29,Tuesday,Woden,,,Major upgrade works,FALSE
2024-10-30,Wednesday,Woden,,,Major upgrade works,FALSE
2024-10-31,Thursday,Woden,,,Major upgrade works,FALSE
2024-11-01,Friday,Woden,,,Major upgrade works,FALSE
2024-11-02,Saturday,Woden,,,Major upgrade works,FALSE
2024-11-03,Sunday,Woden,,,Major upgrade works,FALSE
2024-11-04,Monday,Woden,,,Major upgrade works,FALSE
2024-11-05,Tuesday,Woden,,,Major upgrade works,FALSE
2024-11-06,Wednesday,Woden,,,Major upgrade works,FALSE
2024-11-07,Thursday,Woden,,,Major upgrade works,FALSE
2024-11-08,Friday,Woden,,,Major upgrade works,FALSE
2024-11-09,Saturday,Woden,,,Major upgrade works,FALSE
2024-11-10,Sunday,Woden,,,Major upgrade works,FALSE
2024-11-11,Monday,Woden,,,Major upgrade works,FALSE
2024-11-12,Tuesday,Woden,,,Major upgrade works,FALSE
2024-11-13,Wednesday,Woden,,,Major upgrade works,FALSE
2024-11-14,Thursday,Woden,,,Major upgrade works,FALSE
2024-11-15,Friday,Woden,,,Major upgrade works,FALSE
2024-11-16,Saturday,Woden,,,Major upgrade works,FALSE
2024-11-17,Sunday,Woden,,,Major upgrade works,FALSE
2024-12-25,Wednesday,Dickson,,,Christmas Day,FALSE
2024-12-25,Wednesday,Gungahlin,,,Christmas Day,FALSE
2024-12-25,Wednesday,Woden,,,Christmas Day,FALSE
2024-12-25,Wednesday,Civic,,,Christmas Day,FALSE
2024-12-25,Wednesday,Erindale,,,Christmas Day,FALSE
2024-12-25,Wednesday,Belconnen,,,Christmas Day,FALSE
2024-12-25,Wednesday,Kingston,,,Christmas Day,FALSE
2024-12-25,Wednesday,Kippax,,,Christmas Day,FALSE
2024-12-25,Wednesday,Tuggeranong,,,Christmas Day,FALSE
2024-12-26,Thursday,Dickson,,,Boxing Day,FALSE
2024-12-26,Thursday,Gungahlin,,,Boxing Day,FALSE
2024-12-26,Thursday,Woden,,,Boxing Day,FALSE
2024-12-26,Thursday,Civic,,,Boxing Day,FALSE
2024-12-26,Thursday,Erindale,,,Boxing Day,FALSE
2024-12-26,Thursday,Belconnen,,,Boxing Day,FALSE
2024-12-26,Thursday,Kingston,,,Boxing Day,FALSE
2024-12-26,Thursday,Kippax,,,Boxing Day,FALSE
2024-12-26,Thursday,Tuggeranong,,,Boxing Day,FALSE
2024-12-27,Friday,Dickson,,,ACT Public Service Holiday,FALSE
2024-12-27,Friday,Gungahlin,,,ACT Public Service Holiday,FALSE
2024-12-27,Friday,Woden,,,ACT Public Service Holiday,FALSE
2024-12-27,Friday,Civic,,,ACT Public Service Holiday,FALSE
2024-12-27,Friday,Erindale,,,ACT Public Service Holiday,FALSE
2024-12-27,Friday,Belconnen,,,ACT Public Service Holiday,FALSE
2024-12-27,Friday,Kingston,,,ACT Public Service Holiday,FALSE
2024-12-27,Friday,Kippax,,,ACT Public Service Holiday,FALSE
2024-12-27,Friday,Tuggeranong,,,ACT Public Service Holiday,FALSE
2024-12-28,Saturday,Dickson,,,End of Year Closedown,FALSE
2024-12-28,Saturday,Gungahlin,,,End of Year Closedown,FALSE
2024-12-28,Saturday,Woden,,,End of Year Closedown,FALSE
2024-12-28,Saturday,Civic,,,End of Year Closedown,FALSE
2024-12-28,Saturday,Erindale,,,End of Year Closedown,FALSE
2024-12-28,Saturday,Belconnen,,,End of Year Closedown,FALSE
2024-12-28,Saturday,Kingston,,,End of Year Closedown,FALSE
2024-12-28,Saturday,Kippax,,,End of Year Closedown,FALSE
2024-12-28,Saturday,Tuggeranong,,,End of Year Closedown,FALSE
2024-12-29,Sunday,Dickson,,,End of Year Closedown,FALSE
2024-12-29,Sunday,Gungahlin,,,End of Year Closedown,FALSE
2024-12-29,Sunday,Woden,,,End of Year Closedown,FALSE
2024-12-29,Sunday,Civic,,,End of Year Closedown,FALSE
2024-12-29,Sunday,Erindale,,,End of Year Closedown,FALSE
2024-12-29,Sunday,Belconnen,,,End of Year Closedown,FALSE
2024-12-29,Sunday,Kingston,,,End of Year Closedown,FALSE
2024-12-29,Sunday,Kippax,,,End of Year Closedown,FALSE
2024-12-29,Sunday,Tuggeranong,,,End of Year Closedown,FALSE
2024-12-30,Monday,Dickson,,,End of Year Closedown,FALSE
2024-12-30,Monday,Gungahlin,,,End of Year Closedown,FALSE
2024-12-30,Monday,Woden,,,End of Year Closedown,FALSE
2024-12-30,Monday,Civic,,,End of Year Closedown,FALSE
2024-12-30,Monday,Erindale,,,End of Year Closedown,FALSE
2024-12-30,Monday,Belconnen,,,End of Year Closedown,FALSE
2024-12-30,Monday,Kingston,,,End of Year Closedown,FALSE
2024-12-30,Monday,Kippax,,,End of Year Closedown,FALSE
2024-12-30,Monday,Tuggeranong,,,End of Year Closedown,FALSE
2024-12-31,Tuesday,Dickson,,,End of Year Closedown,FALSE
2024-12-31,Tuesday,Gungahlin,,,End of Year Closedown,FALSE
2024-12-31,Tuesday,Woden,,,End of Year Closedown,FALSE
2024-12-31,Tuesday,Civic,,,End of Year Closedown,FALSE
2024-12-31,Tuesday,Erindale,,,End of Year Closedown,FALSE
2024-12-31,Tuesday,Belconnen,,,End of Year Closedown,FALSE
2024-12-31,Tuesday,Kingston,,,End of Year Closedown,FALSE
2024-12-31,Tuesday,Kippax,,,End of Year Closedown,FALSE
2024-12-31,Tuesday,Tuggeranong,,,End of Year Closedown,FALSE
2025-01-01,Wednesday,Dickson,,,End of Year Closedown,FALSE
2025-01-01,Wednesday,Gungahlin,,,End of Year Closedown,FALSE
2025-01-01,Wednesday,Woden,,,End of Year Closedown,FALSE
2025-01-01,Wednesday,Civic,,,End of Year Closedown,FALSE
2025-01-01,Wednesday,Erindale,,,End of Year Closedown,FALSE
2025-01-01,Wednesday,Belconnen,,,End of Year Closedown,FALSE
2025-01-01,Wednesday,Kingston,,,End of Year Closedown,FALSE
2025-01-01,Wednesday,Kippax,,,End of Year Closedown,FALSE
2025-01-01,Wednesday,Tuggeranong,,,End of Year Closedown,FALSE
2025-01-02,Thursday,Dickson,,,End of Year Closedown,FALSE
2025-01-02,Thursday,Gungahlin,,,End of Year Closedown,FALSE
2025-01-02,Thursday,Woden,,,End of Year Closedown,FALSE
2025-01-02,Thursday,Civic,,,End of Year Closedown,FALSE
2025-01-02,Thursday,Erindale,,,End of Year Closedown,FALSE
2025-01-02,Thursday,Belconnen,,,End of Year Closedown,FALSE
2025-01-02,Thursday,Kingston,,,End of Year Closedown,FALSE
2025-01-02,Thursday,Kippax,,,End of Year Closedown,FALSE
2025-01-02,Thursday,Tuggeranong,,,End of Year Closedown,FALSE
2025-01-03,Friday,Dickson,,,End of Year Closedown,FALSE
2025-01-03,Friday,Gungahlin,,,End of Year Closedown,FALSE
2025-01-03,Friday,Woden,,,End of Year Closedown,FALSE
2025-01-03,Friday,Civic,,,End of Year Closedown,FALSE
2025-01-03,Friday,Erindale,,,End of Year Closedown,FALSE
2025-01-03,Friday,Belconnen,,,End of Year Closedown,FALSE
2025-01-03,Friday,Kingston,,,End of Year Closedown,FALSE
2025-01-03,Friday,Kippax,,,End of Year Closedown,FALSE
2025-01-03,Friday,Tuggeranong,,,End of Year Closedown,FALSE
2025-01-04,Saturday,Dickson,,,End of Year Closedown,FALSE
2025-01-04,Saturday,Gungahlin,,,End of Year Closedown,FALSE
2025-01-04,Saturday,Woden,,,End of Year Closedown,FALSE
2025-01-04,Saturday,Civic,,,End of Year Closedown,FALSE
2025-01-04,Saturday,Erindale,,,End of Year Closedown,FALSE
2025-01-04,Saturday,Belconnen,,,End of Year Closedown,FALSE
2025-01-04,Saturday,Kingston,,,End of Year Closedown,FALSE
2025-01-04,Saturday,Kippax,,,End of Year Closedown,FALSE
2025-01-04,Saturday,Tuggeranong,,,End of Year Closedown,FALSE
2025-01-05,Sunday,Dickson,,,End of Year Closedown,FALSE
2025-01-05,Sunday,Gungahlin,,,End of Year Closedown,FALSE
2025-01-05,Sunday,Woden,,,End of Year Closedown,FALSE
2025-01-05,Sunday,Civic,,,End of Year Closedown,FALSE
2025-01-05,Sunday,Erindale,,,End of Year Closedown,FALSE
2025-01-05,Sunday,Belconnen,,,End of Year Closedown,FALSE
2025-01-05,Sunday,Kingston,,,End of Year Closedown,FALSE
2025-01-05,Sunday,Kippax,,,End of Year Closedown,FALSE
2025-01-05,Sunday,Tuggeranong,,,End of Year Closedown,FALSE
2025-01-06,Monday,Dickson,10:00,17:30,Summer Hours 2024-5,TRUE
2025-01-06,Monday,Gungahlin,10:00,17:30,Summer Hours 2024-5,TRUE
2025-01-06,Monday,Woden,10:00,17:30,Summer Hours 2024-5,TRUE
2025-01-06,Monday,Civic,10:00,17:30,Summer Hours 2024-5,TRUE
2025-01-06,Monday,Erindale,10:00,17:30,Summer Hours 2024-5,TRUE
2025-01-06,Monday,Belconnen,,,Summer Hours 2024-5,TRUE
2025-01-06,Monday,Kingston,,,Summer Hours 2024-5,TRUE
2025-01-06,Monday,Kippax,,,Summer Hours 2024-5,TRUE
2025-01-06,Monday,Tuggeranong,,,Summer Hours 2024-5,TRUE
2025-01-07,Tuesday,Dickson,10:00,17:30,Summer Hours 2024-5,TRUE
2025-01-07,Tuesday,Gungahlin,10:00,17:30,Summer Hours 2024-5,TRUE
2025-01-07,Tuesday,Woden,10:00,17:30,Summer Hours 2024-5,TRUE
2025-01-07,Tuesday,Civic,10:00,17:30,Summer Hours 2024-5,TRUE
2025-01-07,Tuesday,Erindale,10:00,17:30,Summer Hours 2024-5,TRUE
2025-01-07,Tuesday,Belconnen,10:00,17:30,Summer Hours 2024-5,TRUE
2025-01-07,Tuesday,Kingston,10:00,17:30,Summer Hours 2024-5,TRUE
2025-01-07,Tuesday,Kippax,10:00,17:30,Summer Hours 2024-5,TRUE
2025-01-07,Tuesday,Tuggeranong,10:00,17:30,Summer Hours 2024-5,TRUE
2025-01-08,Wednesday,Dickson,10:00,17:30,Summer Hours 2024-5,TRUE
2025-01-08,Wednesday,Gungahlin,10:00,17:30,Summer Hours 2024-5,TRUE
2025-01-08,Wednesday,Woden,10:00,17:30,Summer Hours 2024-5,TRUE
2025-01-08,Wednesday,Civic,10:00,17:30,Summer Hours 2024-5,TRUE
2025-01-08,Wednesday,Erindale,10:00,17:30,Summer Hours 2024-5,TRUE
2025-01-08,Wednesday,Belconnen,10:00,17:30,Summer Hours 2024-5,TRUE
2025-01-08,Wednesday,Kingston,10:00,17:30,Summer Hours 2024-5,TRUE
2025-01-08,Wednesday,Kippax,10:00,17:30,Summer Hours 2024-5,TRUE
2025-01-08,Wednesday,Tuggeranong,10:00,17:30,Summer Hours 2024-5,TRUE
2025-01-09,Thursday,Dickson,10:00,17:30,Summer Hours 2024-5,TRUE
2025-01-09,Thursday,Gungahlin,10:00,17:30,Summer Hours 2024-5,TRUE
2025-01-09,Thursday,Woden,10:00,17:30,Summer Hours 2024-5,TRUE
2025-01-09,Thursday,Civic,10:00,17:30,Summer Hours 2024-5,TRUE
2025-01-09,Thursday,Erindale,10:00,17:30,Summer Hours 2024-5,TRUE
2025-01-09,Thursday,Belconnen,10:00,17:30,Summer Hours 2024-5,TRUE
2025-01-09,Thursday,Kingston,10:00,17:30,Summer Hours 2024-5,TRUE
2025-01-09,Thursday,Kippax,10:00,17:30,Summer Hours 2024-5,TRUE
2025-01-09,Thursday,Tuggeranong,10:00,17:30,Summer Hours 2024-5,TRUE
2025-01-10,Friday,Dickson,10:00,17:30,Summer Hours 2024-5,TRUE
2025-01-10,Friday,Gungahlin,10:00,17:30,Summer Hours 2024-5,TRUE
2025-01-10,Friday,Woden,10:00,17:30,Summer Hours 2024-5,TRUE
2025-01-10,Friday,Civic,10:00,17:30,Summer Hours 2024-5,TRUE
2025-01-10,Friday,Erindale,10:00,17:30,Summer Hours 2024-5,TRUE
2025-01-10,Friday,Belconnen,10:00,17:30,Summer Hours 2024-5,TRUE
2025-01-10,Friday,Kingston,10:00,17:30,Summer Hours 2024-5,TRUE
2025-01-10,Friday,Kippax,10:00,17:30,Summer Hours 2024-5,TRUE
2025-01-10,Friday,Tuggeranong,10:00,17:30,Summer Hours 2024-5,TRUE
2025-01-11,Saturday,Dickson,10:00,16:00,Summer Hours 2024-5,TRUE
2025-01-11,Saturday,Gungahlin,10:00,16:00,Summer Hours 2024-5,TRUE
2025-01-11,Saturday,Woden,10:00,16:00,Summer Hours 2024-5,TRUE
2025-01-11,Saturday,Civic,,,Summer Hours 2024-5,TRUE
2025-01-11,Saturday,Erindale,,,Summer Hours 2024-5,TRUE
2025-01-11,Saturday,Belconnen,10:00,16:00,Summer Hours 2024-5,TRUE
2025-01-11,Saturday,Kingston,10:00,16:00,Summer Hours 2024-5,TRUE
2025-01-11,Saturday,Kippax,10:00,16:00,Summer Hours 2024-5,TRUE
2025-01-11,Saturday,Tuggeranong,10:00,16:00,Summer Hours 2024-5,TRUE
2025-01-12,Sunday,Dickson,,,Summer Hours 2024-5,TRUE
2025-01-12,Sunday,Gungahlin,,,Summer Hours 2024-5,TRUE
2025-01-12,Sunday,Woden,,,Summer Hours 2024-5,TRUE
2025-01-12,Sunday,Civic,,,Summer Hours 2024-5,TRUE
2025-01-12,Sunday,Erindale,,,Summer Hours 2024-5,TRUE
2025-01-12,Sunday,Belconnen,,,Summer Hours 2024-5,TRUE
2025-01-12,Sunday,Kingston,,,Summer Hours 2024-5,TRUE
2025-01-12,Sunday,Kippax,,,Summer Hours 2024-5,TRUE
2025-01-12,Sunday,Tuggeranong,,,Summer Hours 2024-5,TRUE
2025-01-13,Monday,Dickson,10:00,17:30,Summer Hours 2024-5,TRUE
2025-01-13,Monday,Gungahlin,10:00,17:30,Summer Hours 2024-5,TRUE
2025-01-13,Monday,Woden,10:00,17:30,Summer Hours 2024-5,TRUE
2025-01-13,Monday,Civic,10:00,17:30,Summer Hours 2024-5,TRUE
2025-01-13,Monday,Erindale,10:00,17:30,Summer Hours 2024-5,TRUE
2025-01-13,Monday,Belconnen,,,Summer Hours 2024-5,TRUE
2025-01-13,Monday,Kingston,,,Summer Hours 2024-5,TRUE
2025-01-13,Monday,Kippax,,,Summer Hours 2024-5,TRUE
2025-01-13,Monday,Tuggeranong,,,Summer Hours 2024-5,TRUE
2025-01-14,Tuesday,Dickson,10:00,17:30,Summer Hours 2024-5,TRUE
2025-01-14,Tuesday,Gungahlin,10:00,17:30,Summer Hours 2024-5,TRUE
2025-01-14,Tuesday,Woden,10:00,17:30,Summer Hours 2024-5,TRUE
2025-01-14,Tuesday,Civic,10:00,17:30,Summer Hours 2024-5,TRUE
2025-01-14,Tuesday,Erindale,10:00,17:30,Summer Hours 2024-5,TRUE
2025-01-14,Tuesday,Belconnen,10:00,17:30,Summer Hours 2024-5,TRUE
2025-01-14,Tuesday,Kingston,10:00,17:30,Summer Hours 2024-5,TRUE
2025-01-14,Tuesday,Kippax,10:00,17:30,Summer Hours 2024-5,TRUE
2025-01-14,Tuesday,Tuggeranong,10:00,17:30,Summer Hours 2024-5,TRUE
2025-01-15,Wednesday,Dickson,10:00,17:30,Summer Hours 2024-5,TRUE
2025-01-15,Wednesday,Gungahlin,10:00,17:30,Summer Hours 2024-5,TRUE
2025-01-15,Wednesday,Woden,10:00,17:30,Summer Hours 2024-5,TRUE
2025-01-15,Wednesday,Civic,10:00,17:30,Summer Hours 2024-5,TRUE
2025-01-15,Wednesday,Erindale,10:00,17:30,Summer Hours 2024-5,TRUE
2025-01-15,Wednesday,Belconnen,10:00,17:30,Summer Hours 2024-5,TRUE
2025-01-15,Wednesday,Kingston,10:00,17:30,Summer Hours 2024-5,TRUE
2025-01-15,Wednesday,Kippax,10:00,17:30,Summer Hours 2024-5,TRUE
2025-01-15,Wednesday,Tuggeranong,10:00,17:30,Summer Hours 2024-5,TRUE
2025-01-16,Thursday,Dickson,10:00,17:30,Summer Hours 2024-5,TRUE
2025-01-16,Thursday,Gungahlin,10:00,17:30,Summer Hours 2024-5,TRUE
2025-01-16,Thursday,Woden,10:00,17:30,Summer Hours 2024-5,TRUE
2025-01-16,Thursday,Civic,10:00,17:30,Summer Hours 2024-5,TRUE
2025-01-16,Thursday,Erindale,10:00,17:30,Summer Hours 2024-5,TRUE
2025-01-16,Thursday,Belconnen,10:00,17:30,Summer Hours 2024-5,TRUE
2025-01-16,Thursday,Kingston,10:00,17:30,Summer Hours 2024-5,TRUE
2025-01-16,Thursday,Kippax,10:00,17:30,Summer Hours 2024-5,TRUE
2025-01-16,Thursday,Tuggeranong,10:00,17:30,Summer Hours 2024-5,TRUE
2025-01-17,Friday,Dickson,10:00,17:30,Summer Hours 2024-5,TRUE
2025-01-17,Friday,Gungahlin,10:00,17:30,Summer Hours 2024-5,TRUE
2025-01-17,Friday,Woden,10:00,17:30,Summer Hours 2024-5,TRUE
2025-01-17,Friday,Civic,10:00,17:30,Summer Hours 2024-5,TRUE
2025-01-17,Friday,Erindale,10:00,17:30,Summer Hours 2024-5,TRUE
2025-01-17,Friday,Belconnen,10:00,17:30,Summer Hours 2024-5,TRUE
2025-01-17,Friday,Kingston,10:00,17:30,Summer Hours 2024-5,TRUE
2025-01-17,Friday,Kippax,10:00,17:30,Summer Hours 2024-5,TRUE
2025-01-17,Friday,Tuggeranong,10:00,17:30,Summer Hours 2024-5,TRUE
2025-01-18,Saturday,Dickson,10:00,16:00,Summer Hours 2024-5,TRUE
2025-01-18,Saturday,Gungahlin,10:00,16:00,Summer Hours 2024-5,TRUE
2025-01-18,Saturday,Woden,10:00,16:00,Summer Hours 2024-5,TRUE
2025-01-18,Saturday,Civic,,,Summer Hours 2024-5,TRUE
2025-01-18,Saturday,Erindale,,,Summer Hours 2024-5,TRUE
2025-01-18,Saturday,Belconnen,10:00,16:00,Summer Hours 2024-5,TRUE
2025-01-18,Saturday,Kingston,10:00,16:00,Summer Hours 2024-5,TRUE
2025-01-18,Saturday,Kippax,10:00,16:00,Summer Hours 2024-5,TRUE
2025-01-18,Saturday,Tuggeranong,10:00,16:00,Summer Hours 2024-5,TRUE
2025-01-19,Sunday,Dickson,,,Summer Hours 2024-5,TRUE
2025-01-19,Sunday,Gungahlin,,,Summer Hours 2024-5,TRUE
2025-01-19,Sunday,Woden,,,Summer Hours 2024-5,TRUE
2025-01-19,Sunday,Civic,,,Summer Hours 2024-5,TRUE
2025-01-19,Sunday,Erindale,,,Summer Hours 2024-5,TRUE
2025-01-19,Sunday,Belconnen,,,Summer Hours 2024-5,TRUE
2025-01-19,Sunday,Kingston,,,Summer Hours 2024-5,TRUE
2025-01-19,Sunday,Kippax,,,Summer Hours 2024-5,TRUE
2025-01-19,Sunday,Tuggeranong,,,Summer Hours 2024-5,TRUE
2025-01-20,Monday,Dickson,10:00,17:30,Summer Hours 2024-5,TRUE
2025-01-20,Monday,Gungahlin,10:00,17:30,Summer Hours 2024-5,TRUE
2025-01-20,Monday,Woden,10:00,17:30,Summer Hours 2024-5,TRUE
2025-01-20,Monday,Civic,10:00,17:30,Summer Hours 2024-5,TRUE
2025-01-20,Monday,Erindale,10:00,17:30,Summer Hours 2024-5,TRUE
2025-01-20,Monday,Belconnen,,,Summer Hours 2024-5,TRUE
2025-01-20,Monday,Kingston,,,Summer Hours 2024-5,TRUE
2025-01-20,Monday,Kippax,,,Summer Hours 2024-5,TRUE
2025-01-20,Monday,Tuggeranong,,,Summer Hours 2024-5,TRUE
2025-01-21,Tuesday,Dickson,10:00,17:30,Summer Hours 2024-5,TRUE
2025-01-21,Tuesday,Gungahlin,10:00,17:30,Summer Hours 2024-5,TRUE
2025-01-21,Tuesday,Woden,10:00,17:30,Summer Hours 2024-5,TRUE
2025-01-21,Tuesday,Civic,10:00,17:30,Summer Hours 2024-5,TRUE
2025-01-21,Tuesday,Erindale,10:00,17:30,Summer Hours 2024-5,TRUE
2025-01-21,Tuesday,Belconnen,10:00,17:30,Summer Hours 2024-5,TRUE
2025-01-21,Tuesday,Kingston,10:00,17:30,Summer Hours 2024-5,TRUE
2025-01-21,Tuesday,Kippax,10:00,17:30,Summer Hours 2024-5,TRUE
2025-01-21,Tuesday,Tuggeranong,10:00,17:30,Summer Hours 2024-5,TRUE
2025-01-22,Wednesday,Dickson,10:00,17:30,Summer Hours 2024-5,TRUE
2025-01-22,Wednesday,Gungahlin,10:00,17:30,Summer Hours 2024-5,TRUE
2025-01-22,Wednesday,Woden,10:00,17:30,Summer Hours 2024-5,TRUE
2025-01-22,Wednesday,Civic,10:00,17:30,Summer Hours 2024-5,TRUE
2025-01-22,Wednesday,Erindale,10:00,17:30,Summer Hours 2024-5,TRUE
2025-01-22,Wednesday,Belconnen,10:00,17:30,Summer Hours 2024-5,TRUE
2025-01-22,Wednesday,Kingston,10:00,17:30,Summer Hours 2024-5,TRUE
2025-01-22,Wednesday,Kippax,10:00,17:30,Summer Hours 2024-5,TRUE
2025-01-22,Wednesday,Tuggeranong,10:00,17:30,Summer Hours 2024-5,TRUE
2025-01-23,Thursday,Dickson,10:00,17:30,Summer Hours 2024-5,TRUE
2025-01-23,Thursday,Gungahlin,10:00,17:30,Summer Hours 2024-5,TRUE
2025-01-23,Thursday,Woden,10:00,17:30,Summer Hours 2024-5,TRUE
2025-01-23,Thursday,Civic,10:00,17:30,Summer Hours 2024-5,TRUE
2025-01-23,Thursday,Erindale,10:00,17:30,Summer Hours 2024-5,TRUE
2025-01-23,Thursday,Belconnen,10:00,17:30,Summer Hours 2024-5,TRUE
2025-01-23,Thursday,Kingston,10:00,17:30,Summer Hours 2024-5,TRUE
2025-01-23,Thursday,Kippax,10:00,17:30,Summer Hours 2024-5,TRUE
2025-01-23,Thursday,Tuggeranong,10:00,17:30,Summer Hours 2024-5,TRUE
2025-01-24,Friday,Dickson,10:00,17:30,Summer Hours 2024-5,TRUE
2025-01-24,Friday,Gungahlin,10:00,17:30,Summer Hours 2024-5,TRUE
2025-01-24,Friday,Woden,10:00,17:30,Summer Hours 2024-5,TRUE
2025-01-24,Friday,Civic,10:00,17:30,Summer Hours 2024-5,TRUE
2025-01-24,Friday,Erindale,10:00,17:30,Summer Hours 2024-5,TRUE
2025-01-24,Friday,Belconnen,10:00,17:30,Summer Hours 2024-5,TRUE
2025-01-24,Friday,Kingston,10:00,17:30,Summer Hours 2024-5,TRUE
2025-01-24,Friday,Kippax,10:00,17:30,Summer Hours 2024-5,TRUE
2025-01-24,Friday,Tuggeranong,10:00,17:30,Summer Hours 2024-5,TRUE
2025-01-25,Saturday,Dickson,10:00,16:00,Summer Hours 2024-5,TRUE
2025-01-25,Saturday,Gungahlin,10:00,16:00,Summer Hours 2024-5,TRUE
2025-01-25,Saturday,Woden,10:00,16:00,Summer Hours 2024-5,TRUE
2025-01-25,Saturday,Civic,,,Summer Hours 2024-5,TRUE
2025-01-25,Saturday,Erindale,,,Summer Hours 2024-5,TRUE
2025-01-25,Saturday,Belconnen,10:00,16:00,Summer Hours 2024-5,TRUE
2025-01-25,Saturday,Kingston,10:00,16:00,Summer Hours 2024-5,TRUE
2025-01-25,Saturday,Kippax,10:00,16:00,Summer Hours 2024-5,TRUE
2025-01-25,Saturday,Tuggeranong,10:00,16:00,Summer Hours 2024-5,TRUE
2025-01-26,Sunday,Dickson,,,Summer Hours 2024-5,TRUE
2025-01-26,Sunday,Gungahlin,,,Summer Hours 2024-5,TRUE
2025-01-26,Sunday,Woden,,,Summer Hours 2024-5,TRUE
2025-01-26,Sunday,Civic,,,Summer Hours 2024-5,TRUE
2025-01-26,Sunday,Erindale,,,Summer Hours 2024-5,TRUE
2025-01-26,Sunday,Belconnen,,,Summer Hours 2024-5,TRUE
2025-01-26,Sunday,Kingston,,,Summer Hours 2024-5,TRUE
2025-01-26,Sunday,Kippax,,,Summer Hours 2024-5,TRUE
2025-01-26,Sunday,Tuggeranong,,,Summer Hours 2024-5,TRUE
2025-01-27,Monday,Dickson,10:00,17:30,Summer Hours 2024-5,TRUE
2025-01-27,Monday,Gungahlin,10:00,17:30,Summer Hours 2024-5,TRUE
2025-01-27,Monday,Woden,10:00,17:30,Summer Hours 2024-5,TRUE
2025-01-27,Monday,Civic,10:00,17:30,Summer Hours 2024-5,TRUE
2025-01-27,Monday,Erindale,10:00,17:30,Summer Hours 2024-5,TRUE
2025-01-27,Monday,Belconnen,,,Summer Hours 2024-5,TRUE
2025-01-27,Monday,Kingston,,,Summer Hours 2024-5,TRUE
2025-01-27,Monday,Kippax,,,Summer Hours 2024-5,TRUE
2025-01-27,Monday,Tuggeranong,,,Summer Hours 2024-5,TRUE
2025-01-28,Tuesday,Dickson,10:00,17:30,Summer Hours 2024-5,TRUE
2025-01-28,Tuesday,Gungahlin,10:00,17:30,Summer Hours 2024-5,TRUE
2025-01-28,Tuesday,Woden,10:00,17:30,Summer Hours 2024-5,TRUE
2025-01-28,Tuesday,Civic,10:00,17:30,Summer Hours 2024-5,TRUE
2025-01-28,Tuesday,Erindale,10:00,17:30,Summer Hours 2024-5,TRUE
2025-01-28,Tuesday,Belconnen,10:00,17:30,Summer Hours 2024-5,TRUE
2025-01-28,Tuesday,Kingston,10:00,17:30,Summer Hours 2024-5,TRUE
2025-01-28,Tuesday,Kippax,10:00,17:30,Summer Hours 2024-5,TRUE
2025-01-28,Tuesday,Tuggeranong,10:00,17:30,Summer Hours 2024-5,TRUE
2025-01-29,Wednesday,Dickson,10:00,17:30,Summer Hours 2024-5,TRUE
2025-01-29,Wednesday,Gungahlin,10:00,17:30,Summer Hours 2024-5,TRUE
2025-01-29,Wednesday,Woden,10:00,17:30,Summer Hours 2024-5,TRUE
2025-01-29,Wednesday,Civic,10:00,17:30,Summer Hours 2024-5,TRUE
2025-01-29,Wednesday,Erindale,10:00,17:30,Summer Hours 2024-5,TRUE
2025-01-29,Wednesday,Belconnen,10:00,17:30,Summer Hours 2024-5,TRUE
2025-01-29,Wednesday,Kingston,10:00,17:30,Summer Hours 2024-5,TRUE
2025-01-29,Wednesday,Kippax,10:00,17:30,Summer Hours 2024-5,TRUE
2025-01-29,Wednesday,Tuggeranong,10:00,17:30,Summer Hours 2024-5,TRUE
2025-01-30,Thursday,Dickson,10:00,17:30,Summer Hours 2024-5,TRUE
2025-01-30,Thursday,Gungahlin,10:00,17:30,Summer Hours 2024-5,TRUE
2025-01-30,Thursday,Woden,10:00,17:30,Summer Hours 2024-5,TRUE
2025-01-30,Thursday,Civic,10:00,17:30,Summer Hours 2024-5,TRUE
2025-01-30,Thursday,Erindale,10:00,17:30,Summer Hours 2024-5,TRUE
2025-01-30,Thursday,Belconnen,10:00,17:30,Summer Hours 2024-5,TRUE
2025-01-30,Thursday,Kingston,10:00,17:30,Summer Hours 2024-5,TRUE
2025-01-30,Thursday,Kippax,10:00,17:30,Summer Hours 2024-5,TRUE
2025-01-30,Thursday,Tuggeranong,10:00,17:30,Summer Hours 2024-5,TRUE
2025-01-31,Friday,Dickson,10:00,17:30,Summer Hours 2024-5,TRUE
2025-01-31,Friday,Gungahlin,10:00,17:30,Summer Hours 2024-5,TRUE
2025-01-31,Friday,Woden,10:00,17:30,Summer Hours 2024-5,TRUE
2025-01-31,Friday,Civic,10:00,17:30,Summer Hours 2024-5,TRUE
2025-01-31,Friday,Erindale,10:00,17:30,Summer Hours 2024-5,TRUE
2025-01-31,Friday,Belconnen,10:00,17:30,Summer Hours 2024-5,TRUE
2025-01-31,Friday,Kingston,10:00,17:30,Summer Hours 2024-5,TRUE
2025-01-31,Friday,Kippax,10:00,17:30,Summer Hours 2024-5,TRUE
2025-01-31,Friday,Tuggeranong,10:00,17:30,Summer Hours 2024-5,TRUE
2025-02-01,Saturday,Dickson,10:00,16:00,Summer Hours 2024-5,TRUE
2025-02-01,Saturday,Gungahlin,10:00,16:00,Summer Hours 2024-5,TRUE
2025-02-01,Saturday,Woden,10:00,16:00,Summer Hours 2024-5,TRUE
2025-02-01,Saturday,Civic,,,Summer Hours 2024-5,TRUE
2025-02-01,Saturday,Erindale,,,Summer Hours 2024-5,TRUE
2025-02-01,Saturday,Belconnen,10:00,16:00,Summer Hours 2024-5,TRUE
2025-02-01,Saturday,Kingston,10:00,16:00,Summer Hours 2024-5,TRUE
2025-02-01,Saturday,Kippax,10:00,16:00,Summer Hours 2024-5,TRUE
2025-02-01,Saturday,Tuggeranong,10:00,16:00,Summer Hours 2024-5,TRUE
2025-02-02,Sunday,Dickson,,,Summer Hours 2024-5,TRUE
2025-02-02,Sunday,Gungahlin,,,Summer Hours 2024-5,TRUE
2025-02-02,Sunday,Woden,,,Summer Hours 2024-5,TRUE
2025-02-02,Sunday,Civic,,,Summer Hours 2024-5,TRUE
2025-02-02,Sunday,Erindale,,,Summer Hours 2024-5,TRUE
2025-02-02,Sunday,Belconnen,,,Summer Hours 2024-5,TRUE
2025-02-02,Sunday,Kingston,,,Summer Hours 2024-5,TRUE
2025-02-02,Sunday,Kippax,,,Summer Hours 2024-5,TRUE
2025-02-02,Sunday,Tuggeranong,,,Summer Hours 2024-5,TRUE
2025-02-03,Monday,Dickson,10:00,17:30,Summer Hours 2024-5,TRUE
2025-02-03,Monday,Gungahlin,10:00,17:30,Summer Hours 2024-5,TRUE
2025-02-03,Monday,Woden,10:00,17:30,Summer Hours 2024-5,TRUE
2025-02-03,Monday,Civic,10:00,17:30,Summer Hours 2024-5,TRUE
2025-02-03,Monday,Erindale,10:00,17:30,Summer Hours 2024-5,TRUE
2025-02-03,Monday,Belconnen,,,Summer Hours 2024-5,TRUE
2025-02-03,Monday,Kingston,,,Summer Hours 2024-5,TRUE
2025-02-03,Monday,Kippax,,,Summer Hours 2024-5,TRUE
2025-02-03,Monday,Tuggeranong,,,Summer Hours 2024-5,TRUE
2025-02-04,Tuesday,Dickson,10:00,17:30,Summer Hours 2024-5,TRUE
2025-02-04,Tuesday,Gungahlin,10:00,17:30,Summer Hours 2024-5,TRUE
2025-02-04,Tuesday,Woden,10:00,17:30,Summer Hours 2024-5,TRUE
2025-02-04,Tuesday,Civic,10:00,17:30,Summer Hours 2024-5,TRUE
2025-02-04,Tuesday,Erindale,10:00,17:30,Summer Hours 2024-5,TRUE
2025-02-04,Tuesday,Belconnen,10:00,17:30,Summer Hours 2024-5,TRUE
2025-02-04,Tuesday,Kingston,10:00,17:30,Summer Hours 2024-5,TRUE
2025-02-04,Tuesday,Kippax,10:00,17:30,Summer Hours 2024-5,TRUE
2025-02-04,Tuesday,Tuggeranong,10:00,17:30,Summer Hours 2024-5,TRUE
2025-02-05,Wednesday,Dickson,10:00,17:30,Summer Hours 2024-5,TRUE
2025-02-05,Wednesday,Gungahlin,10:00,17:30,Summer Hours 2024-5,TRUE
2025-02-05,Wednesday,Woden,10:00,17:30,Summer Hours 2024-5,TRUE
2025-02-05,Wednesday,Civic,10:00,17:30,Summer Hours 2024-5,TRUE
2025-02-05,Wednesday,Erindale,10:00,17:30,Summer Hours 2024-5,TRUE
2025-02-05,Wednesday,Belconnen,10:00,17:30,Summer Hours 2024-5,TRUE
2025-02-05,Wednesday,Kingston,10:00,17:30,Summer Hours 2024-5,TRUE
2025-02-05,Wednesday,Kippax,10:00,17:30,Summer Hours 2024-5,TRUE
2025-02-05,Wednesday,Tuggeranong,10:00,17:30,Summer Hours 2024-5,TRUE
2025-02-06,Thursday,Dickson,10:00,17:30,Summer Hours 2024-5,TRUE
2025-02-06,Thursday,Gungahlin,10:00,17:30,Summer Hours 2024-5,TRUE
2025-02-06,Thursday,Woden,10:00,17:30,Summer Hours 2024-5,TRUE
2025-02-06,Thursday,Civic,10:00,17:30,Summer Hours 2024-5,TRUE
2025-02-06,Thursday,Erindale,10:00,17:30,Summer Hours 2024-5,TRUE
2025-02-06,Thursday,Belconnen,10:00,17:30,Summer Hours 2024-5,TRUE
2025-02-06,Thursday,Kingston,10:00,17:30,Summer Hours 2024-5,TRUE
2025-02-06,Thursday,Kippax,10:00,17:30,Summer Hours 2024-5,TRUE
2025-02-06,Thursday,Tuggeranong,10:00,17:30,Summer Hours 2024-5,TRUE
2025-02-07,Friday,Dickson,10:00,17:30,Summer Hours 2024-5,TRUE
2025-02-07,Friday,Gungahlin,10:00,17:30,Summer Hours 2024-5,TRUE
2025-02-07,Friday,Woden,10:00,17:30,Summer Hours 2024-5,TRUE
2025-02-07,Friday,Civic,10:00,17:30,Summer Hours 2024-5,TRUE
2025-02-07,Friday,Erindale,10:00,17:30,Summer Hours 2024-5,TRUE
2025-02-07,Friday,Belconnen,10:00,17:30,Summer Hours 2024-5,TRUE
2025-02-07,Friday,Kingston,10:00,17:30,Summer Hours 2024-5,TRUE
2025-02-07,Friday,Kippax,10:00,17:30,Summer Hours 2024-5,TRUE
2025-02-07,Friday,Tuggeranong,10:00,17:30,Summer Hours 2024-5,TRUE
2025-02-08,Saturday,Dickson,10:00,16:00,Summer Hours 2024-5,TRUE
2025-02-08,Saturday,Gungahlin,10:00,16:00,Summer Hours 2024-5,TRUE
2025-02-08,Saturday,Woden,10:00,16:00,Summer Hours 2024-5,TRUE
2025-02-08,Saturday,Civic,,,Summer Hours 2024-5,TRUE
2025-02-08,Saturday,Erindale,,,Summer Hours 2024-5,TRUE
2025-02-08,Saturday,Belconnen,10:00,16:00,Summer Hours 2024-5,TRUE
2025-02-08,Saturday,Kingston,10:00,16:00,Summer Hours 2024-5,TRUE
2025-02-08,Saturday,Kippax,10:00,16:00,Summer Hours 2024-5,TRUE
2025-02-08,Saturday,Tuggeranong,10:00,16:00,Summer Hours 2024-5,TRUE
2025-02-09,Sunday,Dickson,,,Summer Hours 2024-5,TRUE
2025-02-09,Sunday,Gungahlin,,,Summer Hours 2024-5,TRUE
2025-02-09,Sunday,Woden,,,Summer Hours 2024-5,TRUE
2025-02-09,Sunday,Civic,,,Summer Hours 2024-5,TRUE
2025-02-09,Sunday,Erindale,,,Summer Hours 2024-5,TRUE
2025-02-09,Sunday,Belconnen,,,Summer Hours 2024-5,TRUE
2025-02-09,Sunday,Kingston,,,Summer Hours 2024-5,TRUE
2025-02-09,Sunday,Kippax,,,Summer Hours 2024-5,TRUE
2025-02-09,Sunday,Tuggeranong,,,Summer Hours 2024-5,TRUE
2025-03-10,Monday,Dickson,,,Canberra Day,TRUE
2025-03-10,Monday,Gungahlin,,,Canberra Day,TRUE
2025-03-10,Monday,Woden,,,Canberra Day,TRUE
2025-03-10,Monday,Civic,,,Canberra Day,TRUE
2025-03-10,Monday,Erindale,,,Canberra Day,TRUE
2025-03-10,Monday,Belconnen,,,Canberra Day,TRUE
2025-03-10,Monday,Kingston,,,Canberra Day,TRUE
2025-03-10,Monday,Kippax,,,Canberra Day,TRUE
2025-03-10,Monday,Tuggeranong,,,Canberra Day,TRUE
2025-04-18,Friday,Dickson,,,Good Friday,FALSE
2025-04-18,Friday,Gungahlin,,,Good Friday,FALSE
2025-04-18,Friday,Woden,,,Good Friday,FALSE
2025-04-18,Friday,Civic,,,Good Friday,FALSE
2025-04-18,Friday,Erindale,,,Good Friday,FALSE
2025-04-18,Friday,Belconnen,,,Good Friday,FALSE
2025-04-18,Friday,Kingston,,,Good Friday,FALSE
2025-04-18,Friday,Kippax,,,Good Friday,FALSE
2025-04-18,Friday,Tuggeranong,,,Good Friday,FALSE
2025-04-19,Saturday,Dickson,,,Easter Saturday,FALSE
2025-04-19,Saturday,Gungahlin,,,Easter Saturday,FALSE
2025-04-19,Saturday,Woden,,,Easter Saturday,FALSE
2025-04-19,Saturday,Civic,,,Easter Saturday,FALSE
2025-04-19,Saturday,Erindale,,,Easter Saturday,FALSE
2025-04-19,Saturday,Belconnen,,,Easter Saturday,FALSE
2025-04-19,Saturday,Kingston,,,Easter Saturday,FALSE
2025-04-19,Saturday,Kippax,,,Easter Saturday,FALSE
2025-04-19,Saturday,Tuggeranong,,,Easter Saturday,FALSE
2025-04-20,Sunday,Dickson,,,Easter Sunday,FALSE
2025-04-20,Sunday,Gungahlin,,,Easter Sunday,FALSE
2025-04-20,Sunday,Woden,,,Easter Sunday,FALSE
2025-04-20,Sunday,Civic,,,Easter Sunday,FALSE
2025-04-20,Sunday,Erindale,,,Easter Sunday,FALSE
2025-04-20,Sunday,Belconnen,,,Easter Sunday,FALSE
2025-04-20,Sunday,Kingston,,,Easter Sunday,FALSE
2025-04-20,Sunday,Kippax,,,Easter Sunday,FALSE
2025-04-20,Sunday,Tuggeranong,,,Easter Sunday,FALSE
2025-04-21,Monday,Dickson,,,Easter Monday,FALSE
2025-04-21,Monday,Gungahlin,,,Easter Monday,FALSE
2025-04-21,Monday,Woden,,,Easter Monday,FALSE
2025-04-21,Monday,Civic,,,Easter Monday,FALSE
2025-04-21,Monday,Erindale,,,Easter Monday,FALSE
2025-04-21,Monday,Belconnen,,,Easter Monday,FALSE
2025-04-21,Monday,Kingston,,,Easter Monday,FALSE
2025-04-21,Monday,Kippax,,,Easter Monday,FALSE
2025-04-21,Monday,Tuggeranong,,,Easter Monday,FALSE
2025-04-25,Friday,Dickson,,,ANZAC Day,TRUE
2025-04-25,Friday,Gungahlin,,,ANZAC Day,TRUE
2025-04-25,Friday,Woden,,,ANZAC Day,TRUE
2025-04-25,Friday,Civic,,,ANZAC Day,TRUE
2025-04-25,Friday,Erindale,,,ANZAC Day,TRUE
2025-04-25,Friday,Belconnen,,,ANZAC Day,TRUE
2025-04-25,Friday,Kingston,,,ANZAC Day,TRUE
2025-04-25,Friday,Kippax,,,ANZAC Day,TRUE
2025-04-25,Friday,Tuggeranong,,,ANZAC Day,TRUE
2025-06-02,Monday,Dickson,,,Reconciliation Day,TRUE
2025-06-02,Monday,Gungahlin,,,Reconciliation Day,TRUE
2025-06-02,Monday,Woden,,,Reconciliation Day,TRUE
2025-06-02,Monday,Civic,,,Reconciliation Day,TRUE
2025-06-02,Monday,Erindale,,,Reconciliation Day,TRUE
2025-06-02,Monday,Belconnen,,,Reconciliation Day,TRUE
2025-06-02,Monday,Kingston,,,Reconciliation Day,TRUE
2025-06-02,Monday,Kippax,,,Reconciliation Day,TRUE
2025-06-02,Monday,Tuggeranong,,,Reconciliation Day,TRUE
2025-06-09,Monday,Dickson,,,King's Birthday,TRUE
2025-06-09,Monday,Gungahlin,,,King's Birthday,TRUE
2025-06-09,Monday,Woden,,,King's Birthday,TRUE
2025-06-09,Monday,Civic,,,King's Birthday,TRUE
2025-06-09,Monday,Erindale,,,King's Birthday,TRUE
2025-06-09,Monday,Belconnen,,,King's Birthday,TRUE
2025-06-09,Monday,Kingston,,,King's Birthday,TRUE
2025-06-09,Monday,Kippax,,,King's Birthday,TRUE
2025-06-09,Monday,Tuggeranong,,,King's Birthday,TRUE
2025-06-23,Monday,Dickson,,,Toilet upgrade works,FALSE
2025-06-24,Tuesday,Dickson,,,Toilet upgrade works,FALSE
2025-06-25,Wednesday,Dickson,,,Toilet upgrade works,FALSE
2025-06-26,Thursday,Dickson,,,Toilet upgrade works,FALSE
2025-06-27,Friday,Dickson,,,Toilet upgrade works,FALSE
2025-06-28,Saturday,Dickson,,,Toilet upgrade works,FALSE
2025-06-29,Sunday,Dickson,,,Toilet upgrade works,FALSE
2025-06-30,Monday,Dickson,,,Toilet upgrade works,FALSE
2025-07-01,Tuesday,Dickson,,,Toilet upgrade works,FALSE
2025-07-02,Wednesday,Dickson,,,Toilet upgrade works,FALSE
2025-07-03,Thursday,Dickson,,,Toilet upgrade works,FALSE
2025-07-04,Friday,Dickson,,,Toilet upgrade works,FALSE
2025-10-06,Monday,Dickson,,,Labour Day,TRUE
2025-10-06,Monday,Gungahlin,,,Labour Day,TRUE
2025-10-06,Monday,Woden,,,Labour Day,TRUE
2025-10-06,Monday,Civic,,,Labour Day,TRUE
2025-10-06,Monday,Erindale,,,Labour Day,TRUE
2025-10-06,Monday,Belconnen,,,Labour Day,TRUE
2025-10-06,Monday,Kingston,,,Labour Day,TRUE
2025-10-06,Monday,Kippax,,,Labour Day,TRUE
2025-10-06,Monday,Tuggeranong,,,Labour Day,TRUE
2025-12-01,Monday,Belconnen,,,Summer Hours 2025-6,TRUE
2025-12-01,Monday,Civic,10:00,17:30,Summer Hours 2025-6,TRUE
2025-12-01,Monday,Dickson,10:00,17:30,Summer Hours 2025-6,TRUE
2025-12-01,Monday,Erindale,10:00,17:30,Summer Hours 2025-6,TRUE
2025-12-01,Monday,Gungahlin,10:00,17:30,Summer Hours 2025-6,TRUE
2025-12-01,Monday,Kingston,,,Summer Hours 2025-6,TRUE
2025-12-01,Monday,Kippax,,,Summer Hours 2025-6,TRUE
2025-12-01,Monday,Tuggeranong,,,Summer Hours 2025-6,TRUE
2025-12-01,Monday,Woden,10:00,17:30,Summer Hours 2025-6,TRUE
2025-12-02,Tuesday,Belconnen,10:00,17:30,Summer Hours 2025-6,TRUE
2025-12-02,Tuesday,Civic,10:00,17:30,Summer Hours 2025-6,TRUE
2025-12-02,Tuesday,Dickson,10:00,17:30,Summer Hours 2025-6,TRUE
2025-12-02,Tuesday,Erindale,10:00,17:30,Summer Hours 2025-6,TRUE
2025-12-02,Tuesday,Gungahlin,10:00,17:30,Summer Hours 2025-6,TRUE
2025-12-02,Tuesday,Kingston,10:00,17:30,Summer Hours 2025-6,TRUE
2025-12-02,Tuesday,Kippax,10:00,17:30,Summer Hours 2025-6,TRUE
2025-12-02,Tuesday,Tuggeranong,10:00,17:30,Summer Hours 2025-6,TRUE
2025-12-02,Tuesday,Woden,10:00,17:30,Summer Hours 2025-6,TRUE
2025-12-03,Wednesday,Belconnen,10:00,17:30,Summer Hours 2025-6,TRUE
2025-12-03,Wednesday,Civic,10:00,17:30,Summer Hours 2025-6,TRUE
2025-12-03,Wednesday,Dickson,10:00,17:30,Summer Hours 2025-6,TRUE
2025-12-03,Wednesday,Erindale,10:00,17:30,Summer Hours 2025-6,TRUE
2025-12-03,Wednesday,Gungahlin,10:00,17:30,Summer Hours 2025-6,TRUE
2025-12-03,Wednesday,Kingston,10:00,17:30,Summer Hours 2025-6,TRUE
2025-12-03,Wednesday,Kippax,10:00,17:30,Summer Hours 2025-6,TRUE
2025-12-03,Wednesday,Tuggeranong,10:00,17:30,Summer Hours 2025-6,TRUE
2025-12-03,Wednesday,Woden,10:00,17:30,Summer Hours 2025-6,TRUE
2025-12-04,Thursday,Belconnen,10:00,17:30,Summer Hours 2025-6,TRUE
2025-12-04,Thursday,Civic,10:00,17:30,Summer Hours 2025-6,TRUE
2025-12-04,Thursday,Dickson,10:00,17:30,Summer Hours 2025-6,TRUE
2025-12-04,Thursday,Erindale,10:00,17:30,Summer Hours 2025-6,TRUE
2025-12-04,Thursday,Gungahlin,10:00,17:30,Summer Hours 2025-6,TRUE
2025-12-04,Thursday,Kingston,10:00,17:30,Summer Hours 2025-6,TRUE
2025-12-04,Thursday,Kippax,10:00,17:30,Summer Hours 2025-6,TRUE
2025-12-04,Thursday,Tuggeranong,10:00,17:30,Summer Hours 2025-6,TRUE
2025-12-04,Thursday,Woden,10:00,17:30,Summer Hours 2025-6,TRUE
2025-12-05,Friday,Belconnen,10:00,17:30,Summer Hours 2025-6,TRUE
2025-12-05,Friday,Civic,10:00,17:30,Summer Hours 2025-6,TRUE
2025-12-05,Friday,Dickson,10:00,17:30,Summer Hours 2025-6,TRUE
2025-12-05,Friday,Erindale,10:00,17:30,Summer Hours 2025-6,TRUE
2025-12-05,Friday,Gungahlin,10:00,17:30,Summer Hours 2025-6,TRUE
2025-12-05,Friday,Kingston,10:00,17:30,Summer Hours 2025-6,TRUE
2025-12-05,Friday,Kippax,10:00,17:30,Summer Hours 2025-6,TRUE
2025-12-05,Friday,Tuggeranong,10:00,17:30,Summer Hours 2025-6,TRUE
2025-12-05,Friday,Woden,10:00,17:30,Summer Hours 2025-6,TRUE
2025-12-06,Saturday,Belconnen,10:00,16:00,Summer Hours 2025-6,TRUE
2025-12-06,Saturday,Civic,,,Summer Hours 2025-6,TRUE
2025-12-06,Saturday,Dickson,10:00,16:00,Summer Hours 2025-6,TRUE
2025-12-06,Saturday,Erindale,,,Summer Hours 2025-6,TRUE
2025-12-06,Saturday,Gungahlin,10:00,16:00,Summer Hours 2025-6,TRUE
2025-12-06,Saturday,Kingston,10:00,16:00,Summer Hours 2025-6,TRUE
2025-12-06,Saturday,Kippax,10:00,16:00,Summer Hours 2025-6,TRUE
2025-12-06,Saturday,Tuggeranong,10:00,16:00,Summer Hours 2025-6,TRUE
2025-12-06,Saturday,Woden,10:00,16:00,Summer Hours 2025-6,TRUE
2025-12-07,Sunday,Belconnen,,,Summer Hours 2025-6,TRUE
2025-12-07,Sunday,Civic,,,Summer Hours 2025-6,TRUE
2025-12-07,Sunday,Dickson,,,Summer Hours 2025-6,TRUE
2025-12-07,Sunday,Erindale,,,Summer Hours 2025-6,TRUE
2025-12-07,Sunday,Gungahlin,,,Summer Hours 2025-6,TRUE
2025-12-07,Sunday,Kingston,,,Summer Hours 2025-6,TRUE
2025-12-07,Sunday,Kippax,,,Summer Hours 2025-6,TRUE
2025-12-07,Sunday,Tuggeranong,,,Summer Hours 2025-6,TRUE
2025-12-07,Sunday,Woden,,,Summer Hours 2025-6,TRUE
2025-12-08,Monday,Belconnen,,,Summer Hours 2025-6,TRUE
2025-12-08,Monday,Civic,10:00,17:30,Summer Hours 2025-6,TRUE
2025-12-08,Monday,Dickson,10:00,17:30,Summer Hours 2025-6,TRUE
2025-12-08,Monday,Erindale,10:00,17:30,Summer Hours 2025-6,TRUE
2025-12-08,Monday,Gungahlin,10:00,17:30,Summer Hours 2025-6,TRUE
2025-12-08,Monday,Kingston,,,Summer Hours 2025-6,TRUE
2025-12-08,Monday,Kippax,,,Summer Hours 2025-6,TRUE
2025-12-08,Monday,Tuggeranong,,,Summer Hours 2025-6,TRUE
2025-12-08,Monday,Woden,10:00,17:30,Summer Hours 2025-6,TRUE
2025-12-09,Tuesday,Belconnen,10:00,17:30,Summer Hours 2025-6,TRUE
2025-12-09,Tuesday,Civic,10:00,17:30,Summer Hours 2025-6,TRUE
2025-12-09,Tuesday,Dickson,10:00,17:30,Summer Hours 2025-6,TRUE
2025-12-09,Tuesday,Erindale,10:00,17:30,Summer Hours 2025-6,TRUE
2025-12-09,Tuesday,Gungahlin,10:00,17:30,Summer Hours 2025-6,TRUE
2025-12-09,Tuesday,Kingston,10:00,17:30,Summer Hours 2025-6,TRUE
2025-12-09,Tuesday,Kippax,10:00,17:30,Summer Hours 2025-6,TRUE
2025-12-09,Tuesday,Tuggeranong,10:00,17:30,Summer Hours 2025-6,TRUE
2025-12-09,Tuesday,Woden,10:00,17:30,Summer Hours 2025-6,TRUE
2025-12-10,Wednesday,Belconnen,10:00,17:30,Summer Hours 2025-6,TRUE
2025-12-10,Wednesday,Civic,10:00,17:30,Summer Hours 2025-6,TRUE
2025-12-10,Wednesday,Dickson,10:00,17:30,Summer Hours 2025-6,TRUE
2025-12-10,Wednesday,Erindale,10:00,17:30,Summer Hours 2025-6,TRUE
2025-12-10,Wednesday,Gungahlin,10:00,17:30,Summer Hours 2025-6,TRUE
2025-12-10,Wednesday,Kingston,10:00,17:30,Summer Hours 2025-6,TRUE
2025-12-10,Wednesday,Kippax,10:00,17:30,Summer Hours 2025-6,TRUE
2025-12-10,Wednesday,Tuggeranong,10:00,17:30,Summer Hours 2025-6,TRUE
2025-12-10,Wednesday,Woden,10:00,17:30,Summer Hours 2025-6,TRUE
2025-12-11,Thursday,Belconnen,10:00,17:30,Summer Hours 2025-6,TRUE
2025-12-11,Thursday,Civic,10:00,17:30,Summer Hours 2025-6,TRUE
2025-12-11,Thursday,Dickson,10:00,17:30,Summer Hours 2025-6,TRUE
2025-12-11,Thursday,Erindale,10:00,17:30,Summer Hours 2025-6,TRUE
2025-12-11,Thursday,Gungahlin,10:00,17:30,Summer Hours 2025-6,TRUE
2025-12-11,Thursday,Kingston,10:00,17:30,Summer Hours 2025-6,TRUE
2025-12-11,Thursday,Kippax,10:00,17:30,Summer Hours 2025-6,TRUE
2025-12-11,Thursday,Tuggeranong,10:00,17:30,Summer Hours 2025-6,TRUE
2025-12-11,Thursday,Woden,10:00,17:30,Summer Hours 2025-6,TRUE
2025-12-12,Friday,Belconnen,10:00,17:30,Summer Hours 2025-6,TRUE
2025-12-12,Friday,Civic,10:00,17:30,Summer Hours 2025-6,TRUE
2025-12-12,Friday,Dickson,10:00,17:30,Summer Hours 2025-6,TRUE
2025-12-12,Friday,Erindale,10:00,17:30,Summer Hours 2025-6,TRUE
2025-12-12,Friday,Gungahlin,10:00,17:30,Summer Hours 2025-6,TRUE
2025-12-12,Friday,Kingston,10:00,17:30,Summer Hours 2025-6,TRUE
2025-12-12,Friday,Kippax,10:00,17:30,Summer Hours 2025-6,TRUE
2025-12-12,Friday,Tuggeranong,10:00,17:30,Summer Hours 2025-6,TRUE
2025-12-12,Friday,Woden,10:00,17:30,Summer Hours 2025-6,TRUE
2025-12-13,Saturday,Belconnen,10:00,16:00,Summer Hours 2025-6,TRUE
2025-12-13,Saturday,Civic,,,Summer Hours 2025-6,TRUE
2025-12-13,Saturday,Dickson,10:00,16:00,Summer Hours 2025-6,TRUE
2025-12-13,Saturday,Erindale,,,Summer Hours 2025-6,TRUE
2025-12-13,Saturday,Gungahlin,10:00,16:00,Summer Hours 2025-6,TRUE
2025-12-13,Saturday,Kingston,10:00,16:00,Summer Hours 2025-6,TRUE
2025-12-13,Saturday,Kippax,10:00,16:00,Summer Hours 2025-6,TRUE
2025-12-13,Saturday,Tuggeranong,10:00,16:00,Summer Hours 2025-6,TRUE
2025-12-13,Saturday,Woden,10:00,16:00,Summer Hours 2025-6,TRUE
2025-12-14,Sunday,Belconnen,,,Summer Hours 2025-6,TRUE
2025-12-14,Sunday,Civic,,,Summer Hours 2025-6,TRUE
2025-12-14,Sunday,Dickson,,,Summer Hours 2025-6,TRUE
2025-12-14,Sunday,Erindale,,,Summer Hours 2025-6,TRUE
2025-12-14,Sunday,Gungahlin,,,Summer Hours 2025-6,TRUE
2025-12-14,Sunday,Kingston,,,Summer Hours 2025-6,TRUE
2025-12-14,Sunday,Kippax,,,Summer Hours 2025-6,TRUE
2025-12-14,Sunday,Tuggeranong,,,Summer Hours 2025-6,TRUE
2025-12-14,Sunday,Woden,,,Summer Hours 2025-6,TRUE
2025-12-15,Monday,Belconnen,,,Summer Hours 2025-6,TRUE
2025-12-15,Monday,Civic,10:00,17:30,Summer Hours 2025-6,TRUE
2025-12-15,Monday,Dickson,10:00,17:30,Summer Hours 2025-6,TRUE
2025-12-15,Monday,Erindale,10:00,17:30,Summer Hours 2025-6,TRUE
2025-12-15,Monday,Gungahlin,10:00,17:30,Summer Hours 2025-6,TRUE
2025-12-15,Monday,Kingston,,,Summer Hours 2025-6,TRUE
2025-12-15,Monday,Kippax,,,Summer Hours 2025-6,TRUE
2025-12-15,Monday,Tuggeranong,,,Summer Hours 2025-6,TRUE
2025-12-15,Monday,Woden,10:00,17:30,Summer Hours 2025-6,TRUE
2025-12-16,Tuesday,Belconnen,10:00,17:30,Summer Hours 2025-6,TRUE
2025-12-16,Tuesday,Civic,10:00,17:30,Summer Hours 2025-6,TRUE
2025-12-16,Tuesday,Dickson,10:00,17:30,Summer Hours 2025-6,TRUE
2025-12-16,Tuesday,Erindale,10:00,17:30,Summer Hours 2025-6,TRUE
2025-12-16,Tuesday,Gungahlin,10:00,17:30,Summer Hours 2025-6,TRUE
2025-12-16,Tuesday,Kingston,10:00,17:30,Summer Hours 2025-6,TRUE
2025-12-16,Tuesday,Kippax,10:00,17:30,Summer Hours 2025-6,TRUE
2025-12-16,Tuesday,Tuggeranong,10:00,17:30,Summer Hours 2025-6,TRUE
2025-12-16,Tuesday,Woden,10:00,17:30,Summer Hours 2025-6,TRUE
2025-12-17,Wednesday,Belconnen,10:00,17:30,Summer Hours 2025-6,TRUE
2025-12-17,Wednesday,Civic,10:00,17:30,Summer Hours 2025-6,TRUE
2025-12-17,Wednesday,Dickson,10:00,17:30,Summer Hours 2025-6,TRUE
2025-12-17,Wednesday,Erindale,10:00,17:30,Summer Hours 2025-6,TRUE
2025-12-17,Wednesday,Gungahlin,10:00,17:30,Summer Hours 2025-6,TRUE
2025-12-17,Wednesday,Kingston,10:00,17:30,Summer Hours 2025-6,TRUE
2025-12-17,Wednesday,Kippax,10:00,17:30,Summer Hours 2025-6,TRUE
2025-12-17,Wednesday,Tuggeranong,10:00,17:30,Summer Hours 2025-6,TRUE
2025-12-17,Wednesday,Woden,10:00,17:30,Summer Hours 2025-6,TRUE
2025-12-18,Thursday,Belconnen,10:00,17:30,Summer Hours 2025-6,TRUE
2025-12-18,Thursday,Civic,10:00,17:30,Summer Hours 2025-6,TRUE
2025-12-18,Thursday,Dickson,10:00,17:30,Summer Hours 2025-6,TRUE
2025-12-18,Thursday,Erindale,10:00,17:30,Summer Hours 2025-6,TRUE
2025-12-18,Thursday,Gungahlin,10:00,17:30,Summer Hours 2025-6,TRUE
2025-12-18,Thursday,Kingston,10:00,17:30,Summer Hours 2025-6,TRUE
2025-12-18,Thursday,Kippax,10:00,17:30,Summer Hours 2025-6,TRUE
2025-12-18,Thursday,Tuggeranong,10:00,17:30,Summer Hours 2025-6,TRUE
2025-12-18,Thursday,Woden,10:00,17:30,Summer Hours 2025-6,TRUE
2025-12-19,Friday,Belconnen,10:00,17:30,Summer Hours 2025-6,TRUE
2025-12-19,Friday,Civic,10:00,17:30,Summer Hours 2025-6,TRUE
2025-12-19,Friday,Dickson,10:00,17:30,Summer Hours 2025-6,TRUE
2025-12-19,Friday,Erindale,10:00,17:30,Summer Hours 2025-6,TRUE
2025-12-19,Friday,Gungahlin,10:00,17:30,Summer Hours 2025-6,TRUE
2025-12-19,Friday,Kingston,10:00,17:30,Summer Hours 2025-6,TRUE
2025-12-19,Friday,Kippax,10:00,17:30,Summer Hours 2025-6,TRUE
2025-12-19,Friday,Tuggeranong,10:00,17:30,Summer Hours 2025-6,TRUE
2025-12-19,Friday,Woden,10:00,17:30,Summer Hours 2025-6,TRUE
2025-12-20,Saturday,Belconnen,10:00,16:00,Summer Hours 2025-6,TRUE
2025-12-20,Saturday,Civic,,,Summer Hours 2025-6,TRUE
2025-12-20,Saturday,Dickson,10:00,16:00,Summer Hours 2025-6,TRUE
2025-12-20,Saturday,Erindale,,,Summer Hours 2025-6,TRUE
2025-12-20,Saturday,Gungahlin,10:00,16:00,Summer Hours 2025-6,TRUE
2025-12-20,Saturday,Kingston,10:00,16:00,Summer Hours 2025-6,TRUE
2025-12-20,Saturday,Kippax,10:00,16:00,Summer Hours 2025-6,TRUE
2025-12-20,Saturday,Tuggeranong,10:00,16:00,Summer Hours 2025-6,TRUE
2025-12-20,Saturday,Woden,10:00,16:00,Summer Hours 2025-6,TRUE
2025-12-21,Sunday,Belconnen,,,Summer Hours 2025-6,TRUE
2025-12-21,Sunday,Civic,,,Summer Hours 2025-6,TRUE
2025-12-21,Sunday,Dickson,,,Summer Hours 2025-6,TRUE
2025-12-21,Sunday,Erindale,,,Summer Hours 2025-6,TRUE
2025-12-21,Sunday,Gungahlin,,,Summer Hours 2025-6,TRUE
2025-12-21,Sunday,Kingston,,,Summer Hours 2025-6,TRUE
2025-12-21,Sunday,Kippax,,,Summer Hours 2025-6,TRUE
2025-12-21,Sunday,Tuggeranong,,,Summer Hours 2025-6,TRUE
2025-12-21,Sunday,Woden,,,Summer Hours 2025-6,TRUE
2025-12-22,Monday,Belconnen,,,Summer Hours 2025-6,TRUE
2025-12-22,Monday,Civic,10:00,17:30,Summer Hours 2025-6,TRUE
2025-12-22,Monday,Dickson,10:00,17:30,Summer Hours 2025-6,TRUE
2025-12-22,Monday,Erindale,10:00,17:30,Summer Hours 2025-6,TRUE
2025-12-22,Monday,Gungahlin,10:00,17:30,Summer Hours 2025-6,TRUE
2025-12-22,Monday,Kingston,,,Summer Hours 2025-6,TRUE
2025-12-22,Monday,Kippax,,,Summer Hours 2025-6,TRUE
2025-12-22,Monday,Tuggeranong,,,Summer Hours 2025-6,TRUE
2025-12-22,Monday,Woden,10:00,17:30,Summer Hours 2025-6,TRUE
2025-12-23,Tuesday,Belconnen,10:00,17:30,Summer Hours 2025-6,TRUE
2025-12-23,Tuesday,Civic,10:00,17:30,Summer Hours 2025-6,TRUE
2025-12-23,Tuesday,Dickson,10:00,17:30,Summer Hours 2025-6,TRUE
2025-12-23,Tuesday,Erindale,10:00,17:30,Summer Hours 2025-6,TRUE
2025-12-23,Tuesday,Gungahlin,10:00,17:30,Summer Hours 2025-6,TRUE
2025-12-23,Tuesday,Kingston,10:00,17:30,Summer Hours 2025-6,TRUE
2025-12-23,Tuesday,Kippax,10:00,17:30,Summer Hours 2025-6,TRUE
2025-12-23,Tuesday,Tuggeranong,10:00,17:30,Summer Hours 2025-6,TRUE
2025-12-23,Tuesday,Woden,10:00,17:30,Summer Hours 2025-6,TRUE
2025-12-24,Wednesday,Dickson,,,End of Year Closedown,FALSE
2025-12-24,Wednesday,Gungahlin,,,End of Year Closedown,FALSE
2025-12-24,Wednesday,Woden,,,End of Year Closedown,FALSE
2025-12-24,Wednesday,Civic,,,End of Year Closedown,FALSE
2025-12-24,Wednesday,Erindale,,,End of Year Closedown,FALSE
2025-12-24,Wednesday,Belconnen,,,End of Year Closedown,FALSE
2025-12-24,Wednesday,Kingston,,,End of Year Closedown,FALSE
2025-12-24,Wednesday,Kippax,,,End of Year Closedown,FALSE
2025-12-24,Wednesday,Tuggeranong,,,End of Year Closedown,FALSE
2025-12-25,Thursday,Dickson,,,Christmas Day,FALSE
2025-12-25,Thursday,Gungahlin,,,Christmas Day,FALSE
2025-12-25,Thursday,Woden,,,Christmas Day,FALSE
2025-12-25,Thursday,Civic,,,Christmas Day,FALSE
2025-12-25,Thursday,Erindale,,,Christmas Day,FALSE
2025-12-25,Thursday,Belconnen,,,Christmas Day,FALSE
2025-12-25,Thursday,Kingston,,,Christmas Day,FALSE
2025-12-25,Thursday,Kippax,,,Christmas Day,FALSE
2025-12-25,Thursday,Tuggeranong,,,Christmas Day,FALSE
2025-12-26,Friday,Dickson,,,Boxing Day,FALSE
2025-12-26,Friday,Gungahlin,,,Boxing Day,FALSE
2025-12-26,Friday,Woden,,,Boxing Day,FALSE
2025-12-26,Friday,Civic,,,Boxing Day,FALSE
2025-12-26,Friday,Erindale,,,Boxing Day,FALSE
2025-12-26,Friday,Belconnen,,,Boxing Day,FALSE
2025-12-26,Friday,Kingston,,,Boxing Day,FALSE
2025-12-26,Friday,Kippax,,,Boxing Day,FALSE
2025-12-26,Friday,Tuggeranong,,,Boxing Day,FALSE
2025-12-27,Saturday,Dickson,,,End of Year Closedown,FALSE
2025-12-27,Saturday,Gungahlin,,,End of Year Closedown,FALSE
2025-12-27,Saturday,Woden,,,End of Year Closedown,FALSE
2025-12-27,Saturday,Civic,,,End of Year Closedown,FALSE
2025-12-27,Saturday,Erindale,,,End of Year Closedown,FALSE
2025-12-27,Saturday,Belconnen,,,End of Year Closedown,FALSE
2025-12-27,Saturday,Kingston,,,End of Year Closedown,FALSE
2025-12-27,Saturday,Kippax,,,End of Year Closedown,FALSE
2025-12-27,Saturday,Tuggeranong,,,End of Year Closedown,FALSE
2025-12-28,Sunday,Dickson,,,End of Year Closedown,FALSE
2025-12-28,Sunday,Gungahlin,,,End of Year Closedown,FALSE
2025-12-28,Sunday,Woden,,,End of Year Closedown,FALSE
2025-12-28,Sunday,Civic,,,End of Year Closedown,FALSE
2025-12-28,Sunday,Erindale,,,End of Year Closedown,FALSE
2025-12-28,Sunday,Belconnen,,,End of Year Closedown,FALSE
2025-12-28,Sunday,Kingston,,,End of Year Closedown,FALSE
2025-12-28,Sunday,Kippax,,,End of Year Closedown,FALSE
2025-12-28,Sunday,Tuggeranong,,,End of Year Closedown,FALSE
2025-12-29,Monday,Dickson,,,End of Year Closedown,FALSE
2025-12-29,Monday,Gungahlin,,,End of Year Closedown,FALSE
2025-12-29,Monday,Woden,,,End of Year Closedown,FALSE
2025-12-29,Monday,Civic,,,End of Year Closedown,FALSE
2025-12-29,Monday,Erindale,,,End of Year Closedown,FALSE
2025-12-29,Monday,Belconnen,,,End of Year Closedown,FALSE
2025-12-29,Monday,Kingston,,,End of Year Closedown,FALSE
2025-12-29,Monday,Kippax,,,End of Year Closedown,FALSE
2025-12-29,Monday,Tuggeranong,,,End of Year Closedown,FALSE
2025-12-30,Tuesday,Dickson,,,End of Year Closedown,FALSE
2025-12-30,Tuesday,Gungahlin,,,End of Year Closedown,FALSE
2025-12-30,Tuesday,Woden,,,End of Year Closedown,FALSE
2025-12-30,Tuesday,Civic,,,End of Year Closedown,FALSE
2025-12-30,Tuesday,Erindale,,,End of Year Closedown,FALSE
2025-12-30,Tuesday,Belconnen,,,End of Year Closedown,FALSE
2025-12-30,Tuesday,Kingston,,,End of Year Closedown,FALSE
2025-12-30,Tuesday,Kippax,,,End of Year Closedown,FALSE
2025-12-30,Tuesday,Tuggeranong,,,End of Year Closedown,FALSE
2025-12-31,Wednesday,Dickson,,,End of Year Closedown,FALSE
2025-12-31,Wednesday,Gungahlin,,,End of Year Closedown,FALSE
2025-12-31,Wednesday,Woden,,,End of Year Closedown,FALSE
2025-12-31,Wednesday,Civic,,,End of Year Closedown,FALSE
2025-12-31,Wednesday,Erindale,,,End of Year Closedown,FALSE
2025-12-31,Wednesday,Belconnen,,,End of Year Closedown,FALSE
2025-12-31,Wednesday,Kingston,,,End of Year Closedown,FALSE
2025-12-31,Wednesday,Kippax,,,End of Year Closedown,FALSE
2025-12-31,Wednesday,Tuggeranong,,,End of Year Closedown,FALSE
2026-01-01,Thursday,Dickson,,,End of Year Closedown,FALSE
2026-01-01,Thursday,Gungahlin,,,End of Year Closedown,FALSE
2026-01-01,Thursday,Woden,,,End of Year Closedown,FALSE
2026-01-01,Thursday,Civic,,,End of Year Closedown,FALSE
2026-01-01,Thursday,Erindale,,,End of Year Closedown,FALSE
2026-01-01,Thursday,Belconnen,,,End of Year Closedown,FALSE
2026-01-01,Thursday,Kingston,,,End of Year Closedown,FALSE
2026-01-01,Thursday,Kippax,,,End of Year Closedown,FALSE
2026-01-01,Thursday,Tuggeranong,,,End of Year Closedown,FALSE
2026-01-02,Friday,Dickson,,,End of Year Closedown,FALSE
2026-01-02,Friday,Gungahlin,,,End of Year Closedown,FALSE
2026-01-02,Friday,Woden,,,End of Year Closedown,FALSE
2026-01-02,Friday,Civic,,,End of Year Closedown,FALSE
2026-01-02,Friday,Erindale,,,End of Year Closedown,FALSE
2026-01-02,Friday,Belconnen,,,End of Year Closedown,FALSE
2026-01-02,Friday,Kingston,,,End of Year Closedown,FALSE
2026-01-02,Friday,Kippax,,,End of Year Closedown,FALSE
2026-01-02,Friday,Tuggeranong,,,End of Year Closedown,FALSE
2026-01-03,Saturday,Dickson,,,End of Year Closedown,FALSE
2026-01-03,Saturday,Gungahlin,,,End of Year Closedown,FALSE
2026-01-03,Saturday,Woden,,,End of Year Closedown,FALSE
2026-01-03,Saturday,Civic,,,End of Year Closedown,FALSE
2026-01-03,Saturday,Erindale,,,End of Year Closedown,FALSE
2026-01-03,Saturday,Belconnen,,,End of Year Closedown,FALSE
2026-01-03,Saturday,Kingston,,,End of Year Closedown,FALSE
2026-01-03,Saturday,Kippax,,,End of Year Closedown,FALSE
2026-01-03,Saturday,Tuggeranong,,,End of Year Closedown,FALSE
2026-01-04,Sunday,Dickson,,,End of Year Closedown,FALSE
2026-01-04,Sunday,Gungahlin,,,End of Year Closedown,FALSE
2026-01-04,Sunday,Woden,,,End of Year Closedown,FALSE
2026-01-04,Sunday,Civic,,,End of Year Closedown,FALSE
2026-01-04,Sunday,Erindale,,,End of Year Closedown,FALSE
2026-01-04,Sunday,Belconnen,,,End of Year Closedown,FALSE
2026-01-04,Sunday,Kingston,,,End of Year Closedown,FALSE
2026-01-04,Sunday,Kippax,,,End of Year Closedown,FALSE
2026-01-04,Sunday,Tuggeranong,,,End of Year Closedown,FALSE
2026-01-05,Monday,Belconnen,,,Summer Hours 2025-6,TRUE
2026-01-05,Monday,Civic,10:00,17:30,Summer Hours 2025-6,TRUE
2026-01-05,Monday,Dickson,10:00,17:30,Summer Hours 2025-6,TRUE
2026-01-05,Monday,Erindale,10:00,17:30,Summer Hours 2025-6,TRUE
2026-01-05,Monday,Gungahlin,10:00,17:30,Summer Hours 2025-6,TRUE
2026-01-05,Monday,Kingston,,,Summer Hours 2025-6,TRUE
2026-01-05,Monday,Kippax,,,Summer Hours 2025-6,TRUE
2026-01-05,Monday,Tuggeranong,,,Summer Hours 2025-6,TRUE
2026-01-05,Monday,Woden,10:00,17:30,Summer Hours 2025-6,TRUE
2026-01-06,Tuesday,Belconnen,10:00,17:30,Summer Hours 2025-6,TRUE
2026-01-06,Tuesday,Civic,10:00,17:30,Summer Hours 2025-6,TRUE
2026-01-06,Tuesday,Dickson,10:00,17:30,Summer Hours 2025-6,TRUE
2026-01-06,Tuesday,Erindale,10:00,17:30,Summer Hours 2025-6,TRUE
2026-01-06,Tuesday,Gungahlin,10:00,17:30,Summer Hours 2025-6,TRUE
2026-01-06,Tuesday,Kingston,10:00,17:30,Summer Hours 2025-6,TRUE
2026-01-06,Tuesday,Kippax,10:00,17:30,Summer Hours 2025-6,TRUE
2026-01-06,Tuesday,Tuggeranong,10:00,17:30,Summer Hours 2025-6,TRUE
2026-01-06,Tuesday,Woden,10:00,17:30,Summer Hours 2025-6,TRUE
2026-01-07,Wednesday,Belconnen,10:00,17:30,Summer Hours 2025-6,TRUE
2026-01-07,Wednesday,Civic,10:00,17:30,Summer Hours 2025-6,TRUE
2026-01-07,Wednesday,Dickson,10:00,17:30,Summer Hours 2025-6,TRUE
2026-01-07,Wednesday,Erindale,10:00,17:30,Summer Hours 2025-6,TRUE
2026-01-07,Wednesday,Gungahlin,10:00,17:30,Summer Hours 2025-6,TRUE
2026-01-07,Wednesday,Kingston,10:00,17:30,Summer Hours 2025-6,TRUE
2026-01-07,Wednesday,Kippax,10:00,17:30,Summer Hours 2025-6,TRUE
2026-01-07,Wednesday,Tuggeranong,10:00,17:30,Summer Hours 2025-6,TRUE
2026-01-07,Wednesday,Woden,10:00,17:30,Summer Hours 2025-6,TRUE
2026-01-08,Thursday,Belconnen,10:00,17:30,Summer Hours 2025-6,TRUE
2026-01-08,Thursday,Civic,10:00,17:30,Summer Hours 2025-6,TRUE
2026-01-08,Thursday,Dickson,10:00,17:30,Summer Hours 2025-6,TRUE
2026-01-08,Thursday,Erindale,10:00,17:30,Summer Hours 2025-6,TRUE
2026-01-08,Thursday,Gungahlin,10:00,17:30,Summer Hours 2025-6,TRUE
2026-01-08,Thursday,Kingston,10:00,17:30,Summer Hours 2025-6,TRUE
2026-01-08,Thursday,Kippax,10:00,17:30,Summer Hours 2025-6,TRUE
2026-01-08,Thursday,Tuggeranong,10:00,17:30,Summer Hours 2025-6,TRUE
2026-01-08,Thursday,Woden,10:00,17:30,Summer Hours 2025-6,TRUE
2026-01-09,Friday,Belconnen,10:00,17:30,Summer Hours 2025-6,TRUE
2026-01-09,Friday,Civic,10:00,17:30,Summer Hours 2025-6,TRUE
2026-01-09,Friday,Dickson,10:00,17:30,Summer Hours 2025-6,TRUE
2026-01-09,Friday,Erindale,10:00,17:30,Summer Hours 2025-6,TRUE
2026-01-09,Friday,Gungahlin,10:00,17:30,Summer Hours 2025-6,TRUE
2026-01-09,Friday,Kingston,10:00,17:30,Summer Hours 2025-6,TRUE
2026-01-09,Friday,Kippax,10:00,17:30,Summer Hours 2025-6,TRUE
2026-01-09,Friday,Tuggeranong,10:00,17:30,Summer Hours 2025-6,TRUE
2026-01-09,Friday,Woden,10:00,17:30,Summer Hours 2025-6,TRUE
2026-01-10,Saturday,Belconnen,10:00,16:00,Summer Hours 2025-6,TRUE
2026-01-10,Saturday,Civic,,,Summer Hours 2025-6,TRUE
2026-01-10,Saturday,Dickson,10:00,16:00,Summer Hours 2025-6,TRUE
2026-01-10,Saturday,Erindale,,,Summer Hours 2025-6,TRUE
2026-01-10,Saturday,Gungahlin,10:00,16:00,Summer Hours 2025-6,TRUE
2026-01-10,Saturday,Kingston,10:00,16:00,Summer Hours 2025-6,TRUE
2026-01-10,Saturday,Kippax,10:00,16:00,Summer Hours 2025-6,TRUE
2026-01-10,Saturday,Tuggeranong,10:00,16:00,Summer Hours 2025-6,TRUE
2026-01-10,Saturday,Woden,10:00,16:00,Summer Hours 2025-6,TRUE
2026-01-11,Sunday,Belconnen,,,Summer Hours 2025-6,TRUE
2026-01-11,Sunday,Civic,,,Summer Hours 2025-6,TRUE
2026-01-11,Sunday,Dickson,,,Summer Hours 2025-6,TRUE
2026-01-11,Sunday,Erindale,,,Summer Hours 2025-6,TRUE
2026-01-11,Sunday,Gungahlin,,,Summer Hours 2025-6,TRUE
2026-01-11,Sunday,Kingston,,,Summer Hours 2025-6,TRUE
2026-01-11,Sunday,Kippax,,,Summer Hours 2025-6,TRUE
2026-01-11,Sunday,Tuggeranong,,,Summer Hours 2025-6,TRUE
2026-01-11,Sunday,Woden,,,Summer Hours 2025-6,TRUE
2026-01-12,Monday,Belconnen,,,Summer Hours 2025-6,TRUE
2026-01-12,Monday,Civic,10:00,17:30,Summer Hours 2025-6,TRUE
2026-01-12,Monday,Dickson,10:00,17:30,Summer Hours 2025-6,TRUE
2026-01-12,Monday,Erindale,10:00,17:30,Summer Hours 2025-6,TRUE
2026-01-12,Monday,Gungahlin,10:00,17:30,Summer Hours 2025-6,TRUE
2026-01-12,Monday,Kingston,,,Summer Hours 2025-6,TRUE
2026-01-12,Monday,Kippax,,,Summer Hours 2025-6,TRUE
2026-01-12,Monday,Tuggeranong,,,Summer Hours 2025-6,TRUE
2026-01-12,Monday,Woden,10:00,17:30,Summer Hours 2025-6,TRUE
2026-01-13,Tuesday,Belconnen,10:00,17:30,Summer Hours 2025-6,TRUE
2026-01-13,Tuesday,Civic,10:00,17:30,Summer Hours 2025-6,TRUE
2026-01-13,Tuesday,Dickson,10:00,17:30,Summer Hours 2025-6,TRUE
2026-01-13,Tuesday,Erindale,10:00,17:30,Summer Hours 2025-6,TRUE
2026-01-13,Tuesday,Gungahlin,10:00,17:30,Summer Hours 2025-6,TRUE
2026-01-13,Tuesday,Kingston,10:00,17:30,Summer Hours 2025-6,TRUE
2026-01-13,Tuesday,Kippax,10:00,17:30,Summer Hours 2025-6,TRUE
2026-01-13,Tuesday,Tuggeranong,10:00,17:30,Summer Hours 2025-6,TRUE
2026-01-13,Tuesday,Woden,10:00,17:30,Summer Hours 2025-6,TRUE
2026-01-14,Wednesday,Belconnen,10:00,17:30,Summer Hours 2025-6,TRUE
2026-01-14,Wednesday,Civic,10:00,17:30,Summer Hours 2025-6,TRUE
2026-01-14,Wednesday,Dickson,10:00,17:30,Summer Hours 2025-6,TRUE
2026-01-14,Wednesday,Erindale,10:00,17:30,Summer Hours 2025-6,TRUE
2026-01-14,Wednesday,Gungahlin,10:00,17:30,Summer Hours 2025-6,TRUE
2026-01-14,Wednesday,Kingston,10:00,17:30,Summer Hours 2025-6,TRUE
2026-01-14,Wednesday,Kippax,10:00,17:30,Summer Hours 2025-6,TRUE
2026-01-14,Wednesday,Tuggeranong,10:00,17:30,Summer Hours 2025-6,TRUE
2026-01-14,Wednesday,Woden,10:00,17:30,Summer Hours 2025-6,TRUE
2026-01-15,Thursday,Belconnen,10:00,17:30,Summer Hours 2025-6,TRUE
2026-01-15,Thursday,Civic,10:00,17:30,Summer Hours 2025-6,TRUE
2026-01-15,Thursday,Dickson,10:00,17:30,Summer Hours 2025-6,TRUE
2026-01-15,Thursday,Erindale,10:00,17:30,Summer Hours 2025-6,TRUE
2026-01-15,Thursday,Gungahlin,10:00,17:30,Summer Hours 2025-6,TRUE
2026-01-15,Thursday,Kingston,10:00,17:30,Summer Hours 2025-6,TRUE
2026-01-15,Thursday,Kippax,10:00,17:30,Summer Hours 2025-6,TRUE
2026-01-15,Thursday,Tuggeranong,10:00,17:30,Summer Hours 2025-6,TRUE
2026-01-15,Thursday,Woden,10:00,17:30,Summer Hours 2025-6,TRUE
2026-01-16,Friday,Belconnen,10:00,17:30,Summer Hours 2025-6,TRUE
2026-01-16,Friday,Civic,10:00,17:30,Summer Hours 2025-6,TRUE
2026-01-16,Friday,Dickson,10:00,17:30,Summer Hours 2025-6,TRUE
2026-01-16,Friday,Erindale,10:00,17:30,Summer Hours 2025-6,TRUE
2026-01-16,Friday,Gungahlin,10:00,17:30,Summer Hours 2025-6,TRUE
2026-01-16,Friday,Kingston,10:00,17:30,Summer Hours 2025-6,TRUE
2026-01-16,Friday,Kippax,10:00,17:30,Summer Hours 2025-6,TRUE
2026-01-16,Friday,Tuggeranong,10:00,17:30,Summer Hours 2025-6,TRUE
2026-01-16,Friday,Woden,10:00,17:30,Summer Hours 2025-6,TRUE
2026-01-17,Saturday,Belconnen,10:00,16:00,Summer Hours 2025-6,TRUE
2026-01-17,Saturday,Civic,,,Summer Hours 2025-6,TRUE
2026-01-17,Saturday,Dickson,10:00,16:00,Summer Hours 2025-6,TRUE
2026-01-17,Saturday,Erindale,,,Summer Hours 2025-6,TRUE
2026-01-17,Saturday,Gungahlin,10:00,16:00,Summer Hours 2025-6,TRUE
2026-01-17,Saturday,Kingston,10:00,16:00,Summer Hours 2025-6,TRUE
2026-01-17,Saturday,Kippax,10:00,16:00,Summer Hours 2025-6,TRUE
2026-01-17,Saturday,Tuggeranong,10:00,16:00,Summer Hours 2025-6,TRUE
2026-01-17,Saturday,Woden,10:00,16:00,Summer Hours 2025-6,TRUE
2026-01-18,Sunday,Belconnen,,,Summer Hours 2025-6,TRUE
2026-01-18,Sunday,Civic,,,Summer Hours 2025-6,TRUE
2026-01-18,Sunday,Dickson,,,Summer Hours 2025-6,TRUE
2026-01-18,Sunday,Erindale,,,Summer Hours 2025-6,TRUE
2026-01-18,Sunday,Gungahlin,,,Summer Hours 2025-6,TRUE
2026-01-18,Sunday,Kingston,,,Summer Hours 2025-6,TRUE
2026-01-18,Sunday,Kippax,,,Summer Hours 2025-6,TRUE
2026-01-18,Sunday,Tuggeranong,,,Summer Hours 2025-6,TRUE
2026-01-18,Sunday,Woden,,,Summer Hours 2025-6,TRUE
2026-01-19,Monday,Belconnen,,,Summer Hours 2025-6,TRUE
2026-01-19,Monday,Civic,10:00,17:30,Summer Hours 2025-6,TRUE
2026-01-19,Monday,Dickson,10:00,17:30,Summer Hours 2025-6,TRUE
2026-01-19,Monday,Erindale,10:00,17:30,Summer Hours 2025-6,TRUE
2026-01-19,Monday,Gungahlin,10:00,17:30,Summer Hours 2025-6,TRUE
2026-01-19,Monday,Kingston,,,Summer Hours 2025-6,TRUE
2026-01-19,Monday,Kippax,,,Summer Hours 2025-6,TRUE
2026-01-19,Monday,Tuggeranong,,,Summer Hours 2025-6,TRUE
2026-01-19,Monday,Woden,10:00,17:30,Summer Hours 2025-6,TRUE
2026-01-20,Tuesday,Belconnen,10:00,17:30,Summer Hours 2025-6,TRUE
2026-01-20,Tuesday,Civic,10:00,17:30,Summer Hours 2025-6,TRUE
2026-01-20,Tuesday,Dickson,10:00,17:30,Summer Hours 2025-6,TRUE
2026-01-20,Tuesday,Erindale,10:00,17:30,Summer Hours 2025-6,TRUE
2026-01-20,Tuesday,Gungahlin,10:00,17:30,Summer Hours 2025-6,TRUE
2026-01-20,Tuesday,Kingston,10:00,17:30,Summer Hours 2025-6,TRUE
2026-01-20,Tuesday,Kippax,10:00,17:30,Summer Hours 2025-6,TRUE
2026-01-20,Tuesday,Tuggeranong,10:00,17:30,Summer Hours 2025-6,TRUE
2026-01-20,Tuesday,Woden,10:00,17:30,Summer Hours 2025-6,TRUE
2026-01-21,Wednesday,Belconnen,10:00,17:30,Summer Hours 2025-6,TRUE
2026-01-21,Wednesday,Civic,10:00,17:30,Summer Hours 2025-6,TRUE
2026-01-21,Wednesday,Dickson,10:00,17:30,Summer Hours 2025-6,TRUE
2026-01-21,Wednesday,Erindale,10:00,17:30,Summer Hours 2025-6,TRUE
2026-01-21,Wednesday,Gungahlin,10:00,17:30,Summer Hours 2025-6,TRUE
2026-01-21,Wednesday,Kingston,10:00,17:30,Summer Hours 2025-6,TRUE
2026-01-21,Wednesday,Kippax,10:00,17:30,Summer Hours 2025-6,TRUE
2026-01-21,Wednesday,Tuggeranong,10:00,17:30,Summer Hours 2025-6,TRUE
2026-01-21,Wednesday,Woden,10:00,17:30,Summer Hours 2025-6,TRUE
2026-01-22,Thursday,Belconnen,10:00,17:30,Summer Hours 2025-6,TRUE
2026-01-22,Thursday,Civic,10:00,17:30,Summer Hours 2025-6,TRUE
2026-01-22,Thursday,Dickson,10:00,17:30,Summer Hours 2025-6,TRUE
2026-01-22,Thursday,Erindale,10:00,17:30,Summer Hours 2025-6,TRUE
2026-01-22,Thursday,Gungahlin,10:00,17:30,Summer Hours 2025-6,TRUE
2026-01-22,Thursday,Kingston,10:00,17:30,Summer Hours 2025-6,TRUE
2026-01-22,Thursday,Kippax,10:00,17:30,Summer Hours 2025-6,TRUE
2026-01-22,Thursday,Tuggeranong,10:00,17:30,Summer Hours 2025-6,TRUE
2026-01-22,Thursday,Woden,10:00,17:30,Summer Hours 2025-6,TRUE
2026-01-23,Friday,Belconnen,10:00,17:30,Summer Hours 2025-6,TRUE
2026-01-23,Friday,Civic,10:00,17:30,Summer Hours 2025-6,TRUE
2026-01-23,Friday,Dickson,10:00,17:30,Summer Hours 2025-6,TRUE
2026-01-23,Friday,Erindale,10:00,17:30,Summer Hours 2025-6,TRUE
2026-01-23,Friday,Gungahlin,10:00,17:30,Summer Hours 2025-6,TRUE
2026-01-23,Friday,Kingston,10:00,17:30,Summer Hours 2025-6,TRUE
2026-01-23,Friday,Kippax,10:00,17:30,Summer Hours 2025-6,TRUE
2026-01-23,Friday,Tuggeranong,10:00,17:30,Summer Hours 2025-6,TRUE
2026-01-23,Friday,Woden,10:00,17:30,Summer Hours 2025-6,TRUE
2026-01-24,Saturday,Belconnen,10:00,16:00,Summer Hours 2025-6,TRUE
2026-01-24,Saturday,Civic,,,Summer Hours 2025-6,TRUE
2026-01-24,Saturday,Dickson,10:00,16:00,Summer Hours 2025-6,TRUE
2026-01-24,Saturday,Erindale,,,Summer Hours 2025-6,TRUE
2026-01-24,Saturday,Gungahlin,10:00,16:00,Summer Hours 2025-6,TRUE
2026-01-24,Saturday,Kingston,10:00,16:00,Summer Hours 2025-6,TRUE
2026-01-24,Saturday,Kippax,10:00,16:00,Summer Hours 2025-6,TRUE
2026-01-24,Saturday,Tuggeranong,10:00,16:00,Summer Hours 2025-6,TRUE
2026-01-24,Saturday,Woden,10:00,16:00,Summer Hours 2025-6,TRUE
2026-01-25,Sunday,Belconnen,,,Summer Hours 2025-6,TRUE
2026-01-25,Sunday,Civic,,,Summer Hours 2025-6,TRUE
2026-01-25,Sunday,Dickson,,,Summer Hours 2025-6,TRUE
2026-01-25,Sunday,Erindale,,,Summer Hours 2025-6,TRUE
2026-01-25,Sunday,Gungahlin,,,Summer Hours 2025-6,TRUE
2026-01-25,Sunday,Kingston,,,Summer Hours 2025-6,TRUE
2026-01-25,Sunday,Kippax,,,Summer Hours 2025-6,TRUE
2026-01-25,Sunday,Tuggeranong,,,Summer Hours 2025-6,TRUE
2026-01-25,Sunday,Woden,,,Summer Hours 2025-6,TRUE
2026-01-26,Monday,Dickson,,,Australia Day,TRUE
2026-01-26,Monday,Gungahlin,,,Australia Day,TRUE
2026-01-26,Monday,Woden,,,Australia Day,TRUE
2026-01-26,Monday,Civic,,,Australia Day,TRUE
2026-01-26,Monday,Erindale,,,Australia Day,TRUE
2026-01-26,Monday,Belconnen,,,Australia Day,TRUE
2026-01-26,Monday,Kingston,,,Australia Day,TRUE
2026-01-26,Monday,Kippax,,,Australia Day,TRUE
2026-01-26,Monday,Tuggeranong,,,Australia Day,TRUE
2026-01-27,Tuesday,Belconnen,10:00,17:30,Summer Hours 2025-6,TRUE
2026-01-27,Tuesday,Civic,10:00,17:30,Summer Hours 2025-6,TRUE
2026-01-27,Tuesday,Dickson,10:00,17:30,Summer Hours 2025-6,TRUE
2026-01-27,Tuesday,Erindale,10:00,17:30,Summer Hours 2025-6,TRUE
2026-01-27,Tuesday,Gungahlin,10:00,17:30,Summer Hours 2025-6,TRUE
2026-01-27,Tuesday,Kingston,10:00,17:30,Summer Hours 2025-6,TRUE
2026-01-27,Tuesday,Kippax,10:00,17:30,Summer Hours 2025-6,TRUE
2026-01-27,Tuesday,Tuggeranong,10:00,17:30,Summer Hours 2025-6,TRUE
2026-01-27,Tuesday,Woden,10:00,17:30,Summer Hours 2025-6,TRUE
2026-01-28,Wednesday,Belconnen,10:00,17:30,Summer Hours 2025-6,TRUE
2026-01-28,Wednesday,Civic,10:00,17:30,Summer Hours 2025-6,TRUE
2026-01-28,Wednesday,Dickson,10:00,17:30,Summer Hours 2025-6,TRUE
2026-01-28,Wednesday,Erindale,10:00,17:30,Summer Hours 2025-6,TRUE
2026-01-28,Wednesday,Gungahlin,10:00,17:30,Summer Hours 2025-6,TRUE
2026-01-28,Wednesday,Kingston,10:00,17:30,Summer Hours 2025-6,TRUE
2026-01-28,Wednesday,Kippax,10:00,17:30,Summer Hours 2025-6,TRUE
2026-01-28,Wednesday,Tuggeranong,10:00,17:30,Summer Hours 2025-6,TRUE
2026-01-28,Wednesday,Woden,10:00,17:30,Summer Hours 2025-6,TRUE
2026-01-29,Thursday,Belconnen,10:00,17:30,Summer Hours 2025-6,TRUE
2026-01-29,Thursday,Civic,10:00,17:30,Summer Hours 2025-6,TRUE
2026-01-29,Thursday,Dickson,10:00,17:30,Summer Hours 2025-6,TRUE
2026-01-29,Thursday,Erindale,10:00,17:30,Summer Hours 2025-6,TRUE
2026-01-29,Thursday,Gungahlin,10:00,17:30,Summer Hours 2025-6,TRUE
2026-01-29,Thursday,Kingston,10:00,17:30,Summer Hours 2025-6,TRUE
2026-01-29,Thursday,Kippax,10:00,17:30,Summer Hours 2025-6,TRUE
2026-01-29,Thursday,Tuggeranong,10:00,17:30,Summer Hours 2025-6,TRUE
2026-01-29,Thursday,Woden,10:00,17:30,Summer Hours 2025-6,TRUE
2026-01-30,Friday,Belconnen,10:00,17:30,Summer Hours 2025-6,TRUE
2026-01-30,Friday,Civic,10:00,17:30,Summer Hours 2025-6,TRUE
2026-01-30,Friday,Dickson,10:00,17:30,Summer Hours 2025-6,TRUE
2026-01-30,Friday,Erindale,10:00,17:30,Summer Hours 2025-6,TRUE
2026-01-30,Friday,Gungahlin,10:00,17:30,Summer Hours 2025-6,TRUE
2026-01-30,Friday,Kingston,10:00,17:30,Summer Hours 2025-6,TRUE
2026-01-30,Friday,Kippax,10:00,17:30,Summer Hours 2025-6,TRUE
2026-01-30,Friday,Tuggeranong,10:00,17:30,Summer Hours 2025-6,TRUE
2026-01-30,Friday,Woden,10:00,17:30,Summer Hours 2025-6,TRUE
2026-01-31,Saturday,Belconnen,10:00,16:00,Summer Hours 2025-6,TRUE
2026-01-31,Saturday,Civic,,,Summer Hours 2025-6,TRUE
2026-01-31,Saturday,Dickson,10:00,16:00,Summer Hours 2025-6,TRUE
2026-01-31,Saturday,Erindale,,,Summer Hours 2025-6,TRUE
2026-01-31,Saturday,Gungahlin,10:00,16:00,Summer Hours 2025-6,TRUE
2026-01-31,Saturday,Kingston,10:00,16:00,Summer Hours 2025-6,TRUE
2026-01-31,Saturday,Kippax,10:00,16:00,Summer Hours 2025-6,TRUE
2026-01-31,Saturday,Tuggeranong,10:00,16:00,Summer Hours 2025-6,TRUE
2026-01-31,Saturday,Woden,10:00,16:00,Summer Hours 2025-6,TRUE
2026-02-01,Sunday,Belconnen,,,Summer Hours 2025-6,TRUE
2026-02-01,Sunday,Civic,,,Summer Hours 2025-6,TRUE
2026-02-01,Sunday,Dickson,,,Summer Hours 2025-6,TRUE
2026-02-01,Sunday,Erindale,,,Summer Hours 2025-6,TRUE
2026-02-01,Sunday,Gungahlin,,,Summer Hours 2025-6,TRUE
2026-02-01,Sunday,Kingston,,,Summer Hours 2025-6,TRUE
2026-02-01,Sunday,Kippax,,,Summer Hours 2025-6,TRUE
2026-02-01,Sunday,Tuggeranong,,,Summer Hours 2025-6,TRUE
2026-02-01,Sunday,Woden,,,Summer Hours 2025-6,TRUE
