Branch,Day,Open,Close
Belconnen,Monday,9:00,17:00
Belconnen,Tuesday,9:00,17:00
Belconnen,Wednesday,9:00,17:00
Belconnen,Thursday,9:00,17:00
Belconnen,Friday,9:00,17:00
Belconnen,Saturday,9:00,17:00
Belconnen,Sunday,,
Civic,Monday,9:00,17:00
Civic,Tuesday,9:00,17:00
Civic,Wednesday,9:00,17:00
Civic ,Thursday,9:00,17:00
Civic,Friday,9:00,17:00
Civic,Saturday,,
Civic,Sunday,,
Dickson,Monday,9:00,17:00
Dickson,Tuesday,9:00,17:00
Dickson,Wednesday,9:00,17:00
Dickson,Thursday,9:00,17:00
Dickson,Friday,9:00,17:00
Dickson,Saturday,9:00,17:00
Dickson,Sunday,,
Erindale,Monday,9:00,17:00
Erindale,Tuesday,9:00,17:00
Erindale,Wednesday,9:00,17:00
Erindale,Thursday,9:00,17:00
Erindale,Friday,9:00,17:00
Erindale,Saturday,,
Erindale,Sunday,,
Gungahlin,Monday,9:00,17:00
Gungahlin,Tuesday,9:00,17:00
Gungahlin,Wednesday,9:00,17:00
Gungahlin,Thursday,9:00,17:00
Gungahlin,Friday,9:00,17:00
Gungahlin,Saturday,9:00,17:00
Gungahlin,Sunday,,
Kingston,Monday,,
Kingston,Tuesday,9:00,17:00
Kingston,Wednesday,9:00,17:00
Kingston,Thursday,9:00,17:00
Kingston,Friday,9:00,17:00
Kingston,Saturday,9:00,17:00
Kingston,Sunday,,
Kippax,Monday,9:00,17:00
Kippax,Tuesday,9:00,17:00
Kippax,Wednesday,9:00,17:00
Kippax,Thursday,9:00,17:00
Kippax,Friday,9:00,17:00
Kippax,Saturday,,
Kippax,Sunday,,
Tuggeranong,Monday,9:00,17:00
Tuggeranong,Tuesday,9:00,17:00
Tuggeranong,Wednesday,9:00,17:00
Tuggeranong,Thursday,9:00,17:00
Tuggeranong,Friday,9:00,17:00
Tuggeranong,Saturday,9:00,17:00
Tuggeranong,Sunday,,
Woden,Monday,9:00,17:00
Woden,Tuesday,9:00,17:00
Woden,Wednesday,9:00,17:00
Woden,Thursday,9:00,17:00
Woden,Friday,9:00,17:00
Woden,Saturday,9:00,17:00
Woden,Sunday,,